<annotation>
	<folder>my-project-name</folder>
	<filename>10_0_1_20170110220507258.jpg</filename>
	<path>/my-project-name/10_0_1_20170110220507258.jpg</path>
	<source>
		<database>Unspecified</database>
	</source>
	<size>
		<width>598</width>
		<height>399</height>
		<depth>3</depth>
	</size>
	<object>
		<name>face</name>
		<pose>Unspecified</pose>
		<truncated>Unspecified</truncated>
		<difficult>Unspecified</difficult>
		<bndbox>
			<xmin>222</xmin>
			<ymin>52</ymin>
			<xmax>387</xmax>
			<ymax>225</ymax>
		</bndbox>
	</object>
</annotation>