<annotation>
	<folder>my-project-name</folder>
	<filename>10_0_1_20170110223848885.jpg</filename>
	<path>/my-project-name/10_0_1_20170110223848885.jpg</path>
	<source>
		<database>Unspecified</database>
	</source>
	<size>
		<width>298</width>
		<height>470</height>
		<depth>3</depth>
	</size>
	<object>
		<name>face</name>
		<pose>Unspecified</pose>
		<truncated>Unspecified</truncated>
		<difficult>Unspecified</difficult>
		<bndbox>
			<xmin>178</xmin>
			<ymin>63</ymin>
			<xmax>221</xmax>
			<ymax>108</ymax>
		</bndbox>
	</object>
</annotation>