<annotation>
	<folder>my-project-name</folder>
	<filename>10_0_1_20170110225339066.jpg</filename>
	<path>/my-project-name/10_0_1_20170110225339066.jpg</path>
	<source>
		<database>Unspecified</database>
	</source>
	<size>
		<width>282</width>
		<height>350</height>
		<depth>3</depth>
	</size>
	<object>
		<name>face</name>
		<pose>Unspecified</pose>
		<truncated>Unspecified</truncated>
		<difficult>Unspecified</difficult>
		<bndbox>
			<xmin>114</xmin>
			<ymin>45</ymin>
			<xmax>206</xmax>
			<ymax>156</ymax>
		</bndbox>
	</object>
</annotation>