<annotation>
	<folder>my-project-name</folder>
	<filename>10_1_1_20170109203348828.jpg</filename>
	<path>/my-project-name/10_1_1_20170109203348828.jpg</path>
	<source>
		<database>Unspecified</database>
	</source>
	<size>
		<width>1573</width>
		<height>1625</height>
		<depth>3</depth>
	</size>
	<object>
		<name>face</name>
		<pose>Unspecified</pose>
		<truncated>Unspecified</truncated>
		<difficult>Unspecified</difficult>
		<bndbox>
			<xmin>453</xmin>
			<ymin>440</ymin>
			<xmax>1126</xmax>
			<ymax>1047</ymax>
		</bndbox>
	</object>
</annotation>