<annotation>
	<folder>my-project-name</folder>
	<filename>10_1_0_20170109203556029.jpg</filename>
	<path>/my-project-name/10_1_0_20170109203556029.jpg</path>
	<source>
		<database>Unspecified</database>
	</source>
	<size>
		<width>866</width>
		<height>1300</height>
		<depth>3</depth>
	</size>
	<object>
		<name>face</name>
		<pose>Unspecified</pose>
		<truncated>Unspecified</truncated>
		<difficult>Unspecified</difficult>
		<bndbox>
			<xmin>243</xmin>
			<ymin>242</ymin>
			<xmax>492</xmax>
			<ymax>559</ymax>
		</bndbox>
	</object>
</annotation>