<annotation>
	<folder>my-project-name</folder>
	<filename>10_1_1_20170109202938302.jpg</filename>
	<path>/my-project-name/10_1_1_20170109202938302.jpg</path>
	<source>
		<database>Unspecified</database>
	</source>
	<size>
		<width>866</width>
		<height>1300</height>
		<depth>3</depth>
	</size>
	<object>
		<name>face</name>
		<pose>Unspecified</pose>
		<truncated>Unspecified</truncated>
		<difficult>Unspecified</difficult>
		<bndbox>
			<xmin>358</xmin>
			<ymin>305</ymin>
			<xmax>489</xmax>
			<ymax>462</ymax>
		</bndbox>
	</object>
</annotation>