<annotation>
	<folder>my-project-name</folder>
	<filename>10_1_2_20170104005417671.jpg</filename>
	<path>/my-project-name/10_1_2_20170104005417671.jpg</path>
	<source>
		<database>Unspecified</database>
	</source>
	<size>
		<width>544</width>
		<height>361</height>
		<depth>3</depth>
	</size>
	<object>
		<name>face</name>
		<pose>Unspecified</pose>
		<truncated>Unspecified</truncated>
		<difficult>Unspecified</difficult>
		<bndbox>
			<xmin>253</xmin>
			<ymin>83</ymin>
			<xmax>467</xmax>
			<ymax>290</ymax>
		</bndbox>
	</object>
</annotation>