<annotation>
	<folder>my-project-name</folder>
	<filename>10_1_0_20170109205208368.jpg</filename>
	<path>/my-project-name/10_1_0_20170109205208368.jpg</path>
	<source>
		<database>Unspecified</database>
	</source>
	<size>
		<width>680</width>
		<height>1024</height>
		<depth>3</depth>
	</size>
	<object>
		<name>face</name>
		<pose>Unspecified</pose>
		<truncated>Unspecified</truncated>
		<difficult>Unspecified</difficult>
		<bndbox>
			<xmin>207</xmin>
			<ymin>149</ymin>
			<xmax>409</xmax>
			<ymax>337</ymax>
		</bndbox>
	</object>
</annotation>