<annotation>
	<folder>my-project-name</folder>
	<filename>10_1_2_20170104022216669.jpg</filename>
	<path>/my-project-name/10_1_2_20170104022216669.jpg</path>
	<source>
		<database>Unspecified</database>
	</source>
	<size>
		<width>402</width>
		<height>601</height>
		<depth>3</depth>
	</size>
	<object>
		<name>face</name>
		<pose>Unspecified</pose>
		<truncated>Unspecified</truncated>
		<difficult>Unspecified</difficult>
		<bndbox>
			<xmin>179</xmin>
			<ymin>95</ymin>
			<xmax>270</xmax>
			<ymax>200</ymax>
		</bndbox>
	</object>
</annotation>