<annotation>
	<folder>my-project-name</folder>
	<filename>10_1_1_20170109203520178.jpg</filename>
	<path>/my-project-name/10_1_1_20170109203520178.jpg</path>
	<source>
		<database>Unspecified</database>
	</source>
	<size>
		<width>1200</width>
		<height>900</height>
		<depth>3</depth>
	</size>
	<object>
		<name>face</name>
		<pose>Unspecified</pose>
		<truncated>Unspecified</truncated>
		<difficult>Unspecified</difficult>
		<bndbox>
			<xmin>113</xmin>
			<ymin>129</ymin>
			<xmax>694</xmax>
			<ymax>692</ymax>
		</bndbox>
	</object>
</annotation>