<annotation>
	<folder>my-project-name</folder>
	<filename>10_1_2_20170103201007646.jpg</filename>
	<path>/my-project-name/10_1_2_20170103201007646.jpg</path>
	<source>
		<database>Unspecified</database>
	</source>
	<size>
		<width>602</width>
		<height>751</height>
		<depth>3</depth>
	</size>
	<object>
		<name>face</name>
		<pose>Unspecified</pose>
		<truncated>Unspecified</truncated>
		<difficult>Unspecified</difficult>
		<bndbox>
			<xmin>97</xmin>
			<ymin>223</ymin>
			<xmax>487</xmax>
			<ymax>614</ymax>
		</bndbox>
	</object>
</annotation>