<annotation>
	<folder>my-project-name</folder>
	<filename>10_1_1_20170110225155603.jpg</filename>
	<path>/my-project-name/10_1_1_20170110225155603.jpg</path>
	<source>
		<database>Unspecified</database>
	</source>
	<size>
		<width>550</width>
		<height>587</height>
		<depth>3</depth>
	</size>
	<object>
		<name>face</name>
		<pose>Unspecified</pose>
		<truncated>Unspecified</truncated>
		<difficult>Unspecified</difficult>
		<bndbox>
			<xmin>94</xmin>
			<ymin>79</ymin>
			<xmax>165</xmax>
			<ymax>172</ymax>
		</bndbox>
	</object>
</annotation>