<annotation>
	<folder>my-project-name</folder>
	<filename>10_1_0_20170109203608654.jpg</filename>
	<path>/my-project-name/10_1_0_20170109203608654.jpg</path>
	<source>
		<database>Unspecified</database>
	</source>
	<size>
		<width>577</width>
		<height>583</height>
		<depth>3</depth>
	</size>
	<object>
		<name>face</name>
		<pose>Unspecified</pose>
		<truncated>Unspecified</truncated>
		<difficult>Unspecified</difficult>
		<bndbox>
			<xmin>382</xmin>
			<ymin>97</ymin>
			<xmax>476</xmax>
			<ymax>188</ymax>
		</bndbox>
	</object>
</annotation>