<annotation>
	<folder>my-project-name</folder>
	<filename>10_1_1_20170109203522559.jpg</filename>
	<path>/my-project-name/10_1_1_20170109203522559.jpg</path>
	<source>
		<database>Unspecified</database>
	</source>
	<size>
		<width>630</width>
		<height>354</height>
		<depth>3</depth>
	</size>
	<object>
		<name>face</name>
		<pose>Unspecified</pose>
		<truncated>Unspecified</truncated>
		<difficult>Unspecified</difficult>
		<bndbox>
			<xmin>141</xmin>
			<ymin>10</ymin>
			<xmax>448</xmax>
			<ymax>279</ymax>
		</bndbox>
	</object>
</annotation>