<annotation>
	<folder>my-project-name</folder>
	<filename>10_1_0_20170109205141310.jpg</filename>
	<path>/my-project-name/10_1_0_20170109205141310.jpg</path>
	<source>
		<database>Unspecified</database>
	</source>
	<size>
		<width>534</width>
		<height>712</height>
		<depth>3</depth>
	</size>
	<object>
		<name>face</name>
		<pose>Unspecified</pose>
		<truncated>Unspecified</truncated>
		<difficult>Unspecified</difficult>
		<bndbox>
			<xmin>111</xmin>
			<ymin>204</ymin>
			<xmax>403</xmax>
			<ymax>547</ymax>
		</bndbox>
	</object>
</annotation>