<annotation>
	<folder>my-project-name</folder>
	<filename>10_1_0_20170109203759972.jpg</filename>
	<path>/my-project-name/10_1_0_20170109203759972.jpg</path>
	<source>
		<database>Unspecified</database>
	</source>
	<size>
		<width>597</width>
		<height>604</height>
		<depth>3</depth>
	</size>
	<object>
		<name>face</name>
		<pose>Unspecified</pose>
		<truncated>Unspecified</truncated>
		<difficult>Unspecified</difficult>
		<bndbox>
			<xmin>86</xmin>
			<ymin>165</ymin>
			<xmax>432</xmax>
			<ymax>444</ymax>
		</bndbox>
	</object>
</annotation>