<annotation>
	<folder>my-project-name</folder>
	<filename>10_1_0_20170109204244904.jpg</filename>
	<path>/my-project-name/10_1_0_20170109204244904.jpg</path>
	<source>
		<database>Unspecified</database>
	</source>
	<size>
		<width>2000</width>
		<height>2000</height>
		<depth>3</depth>
	</size>
	<object>
		<name>face</name>
		<pose>Unspecified</pose>
		<truncated>Unspecified</truncated>
		<difficult>Unspecified</difficult>
		<bndbox>
			<xmin>1067</xmin>
			<ymin>428</ymin>
			<xmax>1491</xmax>
			<ymax>812</ymax>
		</bndbox>
	</object>
</annotation>