<annotation>
	<folder>my-project-name</folder>
	<filename>1_0_4_20161221192558436.jpg</filename>
	<path>/my-project-name/1_0_4_20161221192558436.jpg</path>
	<source>
		<database>Unspecified</database>
	</source>
	<size>
		<width>1020</width>
		<height>679</height>
		<depth>3</depth>
	</size>
	<object>
		<name>face</name>
		<pose>Unspecified</pose>
		<truncated>Unspecified</truncated>
		<difficult>Unspecified</difficult>
		<bndbox>
			<xmin>440</xmin>
			<ymin>184</ymin>
			<xmax>702</xmax>
			<ymax>454</ymax>
		</bndbox>
	</object>
</annotation>