<annotation>
	<folder>my-project-name</folder>
	<filename>22_1_3_20170104232533912.jpg</filename>
	<path>/my-project-name/22_1_3_20170104232533912.jpg</path>
	<source>
		<database>Unspecified</database>
	</source>
	<size>
		<width>240</width>
		<height>353</height>
		<depth>3</depth>
	</size>
	<object>
		<name>face</name>
		<pose>Unspecified</pose>
		<truncated>Unspecified</truncated>
		<difficult>Unspecified</difficult>
		<bndbox>
			<xmin>91</xmin>
			<ymin>31</ymin>
			<xmax>143</xmax>
			<ymax>108</ymax>
		</bndbox>
	</object>
</annotation>