<annotation>
	<folder>my-project-name</folder>
	<filename>22_1_4_20170103180220911.jpg</filename>
	<path>/my-project-name/22_1_4_20170103180220911.jpg</path>
	<source>
		<database>Unspecified</database>
	</source>
	<size>
		<width>322</width>
		<height>321</height>
		<depth>3</depth>
	</size>
	<object>
		<name>face</name>
		<pose>Unspecified</pose>
		<truncated>Unspecified</truncated>
		<difficult>Unspecified</difficult>
		<bndbox>
			<xmin>97</xmin>
			<ymin>79</ymin>
			<xmax>227</xmax>
			<ymax>224</ymax>
		</bndbox>
	</object>
</annotation>