<annotation>
	<folder>my-project-name</folder>
	<filename>22_1_4_20170103223330567.jpg</filename>
	<path>/my-project-name/22_1_4_20170103223330567.jpg</path>
	<source>
		<database>Unspecified</database>
	</source>
	<size>
		<width>264</width>
		<height>329</height>
		<depth>3</depth>
	</size>
	<object>
		<name>face</name>
		<pose>Unspecified</pose>
		<truncated>Unspecified</truncated>
		<difficult>Unspecified</difficult>
		<bndbox>
			<xmin>56</xmin>
			<ymin>62</ymin>
			<xmax>144</xmax>
			<ymax>176</ymax>
		</bndbox>
	</object>
</annotation>