<annotation>
	<folder>my-project-name</folder>
	<filename>22_1_3_20170104232458346.jpg</filename>
	<path>/my-project-name/22_1_3_20170104232458346.jpg</path>
	<source>
		<database>Unspecified</database>
	</source>
	<size>
		<width>458</width>
		<height>329</height>
		<depth>3</depth>
	</size>
	<object>
		<name>face</name>
		<pose>Unspecified</pose>
		<truncated>Unspecified</truncated>
		<difficult>Unspecified</difficult>
		<bndbox>
			<xmin>177</xmin>
			<ymin>38</ymin>
			<xmax>297</xmax>
			<ymax>169</ymax>
		</bndbox>
	</object>
</annotation>