<annotation>
	<folder>my-project-name</folder>
	<filename>22_1_4_20170103233328523.jpg</filename>
	<path>/my-project-name/22_1_4_20170103233328523.jpg</path>
	<source>
		<database>Unspecified</database>
	</source>
	<size>
		<width>296</width>
		<height>377</height>
		<depth>3</depth>
	</size>
	<object>
		<name>face</name>
		<pose>Unspecified</pose>
		<truncated>Unspecified</truncated>
		<difficult>Unspecified</difficult>
		<bndbox>
			<xmin>71</xmin>
			<ymin>109</ymin>
			<xmax>212</xmax>
			<ymax>232</ymax>
		</bndbox>
	</object>
</annotation>