<annotation>
	<folder>my-project-name</folder>
	<filename>22_1_3_20170104231709097.jpg</filename>
	<path>/my-project-name/22_1_3_20170104231709097.jpg</path>
	<source>
		<database>Unspecified</database>
	</source>
	<size>
		<width>360</width>
		<height>359</height>
		<depth>3</depth>
	</size>
	<object>
		<name>face</name>
		<pose>Unspecified</pose>
		<truncated>Unspecified</truncated>
		<difficult>Unspecified</difficult>
		<bndbox>
			<xmin>51</xmin>
			<ymin>123</ymin>
			<xmax>273</xmax>
			<ymax>300</ymax>
		</bndbox>
	</object>
</annotation>