<annotation>
	<folder>my-project-name</folder>
	<filename>22_1_3_20170104232504850.jpg</filename>
	<path>/my-project-name/22_1_3_20170104232504850.jpg</path>
	<source>
		<database>Unspecified</database>
	</source>
	<size>
		<width>476</width>
		<height>329</height>
		<depth>3</depth>
	</size>
	<object>
		<name>face</name>
		<pose>Unspecified</pose>
		<truncated>Unspecified</truncated>
		<difficult>Unspecified</difficult>
		<bndbox>
			<xmin>172</xmin>
			<ymin>76</ymin>
			<xmax>293</xmax>
			<ymax>205</ymax>
		</bndbox>
	</object>
</annotation>