<annotation>
	<folder>my-project-name</folder>
	<filename>22_1_4_20170103223042983.jpg</filename>
	<path>/my-project-name/22_1_4_20170103223042983.jpg</path>
	<source>
		<database>Unspecified</database>
	</source>
	<size>
		<width>194</width>
		<height>329</height>
		<depth>3</depth>
	</size>
	<object>
		<name>face</name>
		<pose>Unspecified</pose>
		<truncated>Unspecified</truncated>
		<difficult>Unspecified</difficult>
		<bndbox>
			<xmin>60</xmin>
			<ymin>64</ymin>
			<xmax>134</xmax>
			<ymax>167</ymax>
		</bndbox>
	</object>
</annotation>