<annotation>
	<folder>my-project-name</folder>
	<filename>22_1_3_20170105002128188.jpg</filename>
	<path>/my-project-name/22_1_3_20170105002128188.jpg</path>
	<source>
		<database>Unspecified</database>
	</source>
	<size>
		<width>368</width>
		<height>551</height>
		<depth>3</depth>
	</size>
	<object>
		<name>face</name>
		<pose>Unspecified</pose>
		<truncated>Unspecified</truncated>
		<difficult>Unspecified</difficult>
		<bndbox>
			<xmin>149</xmin>
			<ymin>139</ymin>
			<xmax>260</xmax>
			<ymax>302</ymax>
		</bndbox>
	</object>
</annotation>