<annotation>
	<folder>my-project-name</folder>
	<filename>22_1_4_20170103212717246.jpg</filename>
	<path>/my-project-name/22_1_4_20170103212717246.jpg</path>
	<source>
		<database>Unspecified</database>
	</source>
	<size>
		<width>280</width>
		<height>355</height>
		<depth>3</depth>
	</size>
	<object>
		<name>face</name>
		<pose>Unspecified</pose>
		<truncated>Unspecified</truncated>
		<difficult>Unspecified</difficult>
		<bndbox>
			<xmin>66</xmin>
			<ymin>108</ymin>
			<xmax>222</xmax>
			<ymax>286</ymax>
		</bndbox>
	</object>
</annotation>