<annotation>
	<folder>my-project-name</folder>
	<filename>22_1_3_20170104232054915.jpg</filename>
	<path>/my-project-name/22_1_3_20170104232054915.jpg</path>
	<source>
		<database>Unspecified</database>
	</source>
	<size>
		<width>230</width>
		<height>329</height>
		<depth>3</depth>
	</size>
	<object>
		<name>face</name>
		<pose>Unspecified</pose>
		<truncated>Unspecified</truncated>
		<difficult>Unspecified</difficult>
		<bndbox>
			<xmin>59</xmin>
			<ymin>63</ymin>
			<xmax>163</xmax>
			<ymax>171</ymax>
		</bndbox>
	</object>
</annotation>