<annotation>
	<folder>my-project-name</folder>
	<filename>22_1_4_20170103225134240.jpg</filename>
	<path>/my-project-name/22_1_4_20170103225134240.jpg</path>
	<source>
		<database>Unspecified</database>
	</source>
	<size>
		<width>588</width>
		<height>329</height>
		<depth>3</depth>
	</size>
	<object>
		<name>face</name>
		<pose>Unspecified</pose>
		<truncated>Unspecified</truncated>
		<difficult>Unspecified</difficult>
		<bndbox>
			<xmin>165</xmin>
			<ymin>42</ymin>
			<xmax>336</xmax>
			<ymax>208</ymax>
		</bndbox>
	</object>
</annotation>