<annotation>
	<folder>my-project-name</folder>
	<filename>22_1_3_20170104231710175.jpg</filename>
	<path>/my-project-name/22_1_3_20170104231710175.jpg</path>
	<source>
		<database>Unspecified</database>
	</source>
	<size>
		<width>404</width>
		<height>329</height>
		<depth>3</depth>
	</size>
	<object>
		<name>face</name>
		<pose>Unspecified</pose>
		<truncated>Unspecified</truncated>
		<difficult>Unspecified</difficult>
		<bndbox>
			<xmin>88</xmin>
			<ymin>81</ymin>
			<xmax>266</xmax>
			<ymax>274</ymax>
		</bndbox>
	</object>
</annotation>