<annotation>
	<folder>my-project-name</folder>
	<filename>22_1_4_20161223225936076.jpg</filename>
	<path>/my-project-name/22_1_4_20161223225936076.jpg</path>
	<source>
		<database>Unspecified</database>
	</source>
	<size>
		<width>286</width>
		<height>377</height>
		<depth>3</depth>
	</size>
	<object>
		<name>face</name>
		<pose>Unspecified</pose>
		<truncated>Unspecified</truncated>
		<difficult>Unspecified</difficult>
		<bndbox>
			<xmin>86</xmin>
			<ymin>104</ymin>
			<xmax>185</xmax>
			<ymax>206</ymax>
		</bndbox>
	</object>
</annotation>