<annotation>
	<folder>my-project-name</folder>
	<filename>22_1_4_20170104001853773.jpg</filename>
	<path>/my-project-name/22_1_4_20170104001853773.jpg</path>
	<source>
		<database>Unspecified</database>
	</source>
	<size>
		<width>638</width>
		<height>319</height>
		<depth>3</depth>
	</size>
	<object>
		<name>face</name>
		<pose>Unspecified</pose>
		<truncated>Unspecified</truncated>
		<difficult>Unspecified</difficult>
		<bndbox>
			<xmin>273</xmin>
			<ymin>42</ymin>
			<xmax>386</xmax>
			<ymax>154</ymax>
		</bndbox>
	</object>
</annotation>