<annotation>
	<folder>my-project-name</folder>
	<filename>22_1_3_20170105002553629.jpg</filename>
	<path>/my-project-name/22_1_3_20170105002553629.jpg</path>
	<source>
		<database>Unspecified</database>
	</source>
	<size>
		<width>402</width>
		<height>401</height>
		<depth>3</depth>
	</size>
	<object>
		<name>face</name>
		<pose>Unspecified</pose>
		<truncated>Unspecified</truncated>
		<difficult>Unspecified</difficult>
		<bndbox>
			<xmin>116</xmin>
			<ymin>111</ymin>
			<xmax>275</xmax>
			<ymax>284</ymax>
		</bndbox>
	</object>
</annotation>