<annotation>
	<folder>my-project-name</folder>
	<filename>23_0_0_20170105184121759.jpg</filename>
	<path>/my-project-name/23_0_0_20170105184121759.jpg</path>
	<source>
		<database>Unspecified</database>
	</source>
	<size>
		<width>2120</width>
		<height>3201</height>
		<depth>3</depth>
	</size>
	<object>
		<name>face</name>
		<pose>Unspecified</pose>
		<truncated>Unspecified</truncated>
		<difficult>Unspecified</difficult>
		<bndbox>
			<xmin>876</xmin>
			<ymin>550</ymin>
			<xmax>1445</xmax>
			<ymax>1080</ymax>
		</bndbox>
	</object>
</annotation>