<annotation>
	<folder>my-project-name</folder>
	<filename>23_0_4_20170103180302079.jpg</filename>
	<path>/my-project-name/23_0_4_20170103180302079.jpg</path>
	<source>
		<database>Unspecified</database>
	</source>
	<size>
		<width>404</width>
		<height>503</height>
		<depth>3</depth>
	</size>
	<object>
		<name>face</name>
		<pose>Unspecified</pose>
		<truncated>Unspecified</truncated>
		<difficult>Unspecified</difficult>
		<bndbox>
			<xmin>92</xmin>
			<ymin>165</ymin>
			<xmax>285</xmax>
			<ymax>388</ymax>
		</bndbox>
	</object>
</annotation>