<annotation>
	<folder>my-project-name</folder>
	<filename>23_0_0_20170111181750321.jpg</filename>
	<path>/my-project-name/23_0_0_20170111181750321.jpg</path>
	<source>
		<database>Unspecified</database>
	</source>
	<size>
		<width>1024</width>
		<height>777</height>
		<depth>3</depth>
	</size>
	<object>
		<name>face</name>
		<pose>Unspecified</pose>
		<truncated>Unspecified</truncated>
		<difficult>Unspecified</difficult>
		<bndbox>
			<xmin>358</xmin>
			<ymin>229</ymin>
			<xmax>666</xmax>
			<ymax>554</ymax>
		</bndbox>
	</object>
</annotation>