<annotation>
	<folder>my-project-name</folder>
	<filename>23_0_0_20170104004006925.jpg</filename>
	<path>/my-project-name/23_0_0_20170104004006925.jpg</path>
	<source>
		<database>Unspecified</database>
	</source>
	<size>
		<width>368</width>
		<height>551</height>
		<depth>3</depth>
	</size>
	<object>
		<name>face</name>
		<pose>Unspecified</pose>
		<truncated>Unspecified</truncated>
		<difficult>Unspecified</difficult>
		<bndbox>
			<xmin>104</xmin>
			<ymin>109</ymin>
			<xmax>272</xmax>
			<ymax>312</ymax>
		</bndbox>
	</object>
</annotation>