<annotation>
	<folder>my-project-name</folder>
	<filename>23_0_4_20170103234919628.jpg</filename>
	<path>/my-project-name/23_0_4_20170103234919628.jpg</path>
	<source>
		<database>Unspecified</database>
	</source>
	<size>
		<width>602</width>
		<height>337</height>
		<depth>3</depth>
	</size>
	<object>
		<name>face</name>
		<pose>Unspecified</pose>
		<truncated>Unspecified</truncated>
		<difficult>Unspecified</difficult>
		<bndbox>
			<xmin>192</xmin>
			<ymin>53</ymin>
			<xmax>328</xmax>
			<ymax>209</ymax>
		</bndbox>
	</object>
</annotation>