<annotation>
	<folder>my-project-name</folder>
	<filename>23_1_3_20170104223200053.jpg</filename>
	<path>/my-project-name/23_1_3_20170104223200053.jpg</path>
	<source>
		<database>Unspecified</database>
	</source>
	<size>
		<width>540</width>
		<height>377</height>
		<depth>3</depth>
	</size>
	<object>
		<name>face</name>
		<pose>Unspecified</pose>
		<truncated>Unspecified</truncated>
		<difficult>Unspecified</difficult>
		<bndbox>
			<xmin>203</xmin>
			<ymin>90</ymin>
			<xmax>351</xmax>
			<ymax>245</ymax>
		</bndbox>
	</object>
</annotation>