<annotation>
	<folder>my-project-name</folder>
	<filename>23_1_3_20170104222321688.jpg</filename>
	<path>/my-project-name/23_1_3_20170104222321688.jpg</path>
	<source>
		<database>Unspecified</database>
	</source>
	<size>
		<width>552</width>
		<height>367</height>
		<depth>3</depth>
	</size>
	<object>
		<name>face</name>
		<pose>Unspecified</pose>
		<truncated>Unspecified</truncated>
		<difficult>Unspecified</difficult>
		<bndbox>
			<xmin>258</xmin>
			<ymin>113</ymin>
			<xmax>380</xmax>
			<ymax>258</ymax>
		</bndbox>
	</object>
</annotation>