<annotation>
	<folder>my-project-name</folder>
	<filename>23_1_3_20170104231839354.jpg</filename>
	<path>/my-project-name/23_1_3_20170104231839354.jpg</path>
	<source>
		<database>Unspecified</database>
	</source>
	<size>
		<width>202</width>
		<height>201</height>
		<depth>3</depth>
	</size>
	<object>
		<name>face</name>
		<pose>Unspecified</pose>
		<truncated>Unspecified</truncated>
		<difficult>Unspecified</difficult>
		<bndbox>
			<xmin>21</xmin>
			<ymin>31</ymin>
			<xmax>150</xmax>
			<ymax>152</ymax>
		</bndbox>
	</object>
</annotation>