<annotation>
	<folder>my-project-name</folder>
	<filename>23_1_0_20170103163120968.jpg</filename>
	<path>/my-project-name/23_1_0_20170103163120968.jpg</path>
	<source>
		<database>Unspecified</database>
	</source>
	<size>
		<width>178</width>
		<height>237</height>
		<depth>3</depth>
	</size>
	<object>
		<name>face</name>
		<pose>Unspecified</pose>
		<truncated>Unspecified</truncated>
		<difficult>Unspecified</difficult>
		<bndbox>
			<xmin>52</xmin>
			<ymin>45</ymin>
			<xmax>130</xmax>
			<ymax>153</ymax>
		</bndbox>
	</object>
</annotation>