<annotation>
	<folder>my-project-name</folder>
	<filename>23_1_3_20170104231800546.jpg</filename>
	<path>/my-project-name/23_1_3_20170104231800546.jpg</path>
	<source>
		<database>Unspecified</database>
	</source>
	<size>
		<width>430</width>
		<height>329</height>
		<depth>3</depth>
	</size>
	<object>
		<name>face</name>
		<pose>Unspecified</pose>
		<truncated>Unspecified</truncated>
		<difficult>Unspecified</difficult>
		<bndbox>
			<xmin>122</xmin>
			<ymin>45</ymin>
			<xmax>263</xmax>
			<ymax>219</ymax>
		</bndbox>
	</object>
</annotation>