<annotation>
	<folder>my-project-name</folder>
	<filename>24_0_2_20170103223924087.jpg</filename>
	<path>/my-project-name/24_0_2_20170103223924087.jpg</path>
	<source>
		<database>Unspecified</database>
	</source>
	<size>
		<width>272</width>
		<height>375</height>
		<depth>3</depth>
	</size>
	<object>
		<name>face</name>
		<pose>Unspecified</pose>
		<truncated>Unspecified</truncated>
		<difficult>Unspecified</difficult>
		<bndbox>
			<xmin>55</xmin>
			<ymin>73</ymin>
			<xmax>234</xmax>
			<ymax>252</ymax>
		</bndbox>
	</object>
</annotation>