<annotation>
	<folder>my-project-name</folder>
	<filename>24_0_3_20170104214346781.jpg</filename>
	<path>/my-project-name/24_0_3_20170104214346781.jpg</path>
	<source>
		<database>Unspecified</database>
	</source>
	<size>
		<width>428</width>
		<height>355</height>
		<depth>3</depth>
	</size>
	<object>
		<name>face</name>
		<pose>Unspecified</pose>
		<truncated>Unspecified</truncated>
		<difficult>Unspecified</difficult>
		<bndbox>
			<xmin>93</xmin>
			<ymin>75</ymin>
			<xmax>251</xmax>
			<ymax>233</ymax>
		</bndbox>
	</object>
</annotation>