<annotation>
	<folder>my-project-name</folder>
	<filename>24_0_3_20170104230150057.jpg</filename>
	<path>/my-project-name/24_0_3_20170104230150057.jpg</path>
	<source>
		<database>Unspecified</database>
	</source>
	<size>
		<width>394</width>
		<height>517</height>
		<depth>3</depth>
	</size>
	<object>
		<name>face</name>
		<pose>Unspecified</pose>
		<truncated>Unspecified</truncated>
		<difficult>Unspecified</difficult>
		<bndbox>
			<xmin>160</xmin>
			<ymin>39</ymin>
			<xmax>253</xmax>
			<ymax>151</ymax>
		</bndbox>
	</object>
</annotation>