<annotation>
	<folder>my-project-name</folder>
	<filename>24_0_2_20170104234829387.jpg</filename>
	<path>/my-project-name/24_0_2_20170104234829387.jpg</path>
	<source>
		<database>Unspecified</database>
	</source>
	<size>
		<width>384</width>
		<height>529</height>
		<depth>3</depth>
	</size>
	<object>
		<name>face</name>
		<pose>Unspecified</pose>
		<truncated>Unspecified</truncated>
		<difficult>Unspecified</difficult>
		<bndbox>
			<xmin>128</xmin>
			<ymin>111</ymin>
			<xmax>278</xmax>
			<ymax>304</ymax>
		</bndbox>
	</object>
</annotation>