<annotation>
	<folder>my-project-name</folder>
	<filename>24_0_3_20170104230211113.jpg</filename>
	<path>/my-project-name/24_0_3_20170104230211113.jpg</path>
	<source>
		<database>Unspecified</database>
	</source>
	<size>
		<width>372</width>
		<height>547</height>
		<depth>3</depth>
	</size>
	<object>
		<name>face</name>
		<pose>Unspecified</pose>
		<truncated>Unspecified</truncated>
		<difficult>Unspecified</difficult>
		<bndbox>
			<xmin>136</xmin>
			<ymin>35</ymin>
			<xmax>276</xmax>
			<ymax>166</ymax>
		</bndbox>
	</object>
</annotation>