<annotation>
	<folder>my-project-name</folder>
	<filename>24_0_2_20170112003933482.jpg</filename>
	<path>/my-project-name/24_0_2_20170112003933482.jpg</path>
	<source>
		<database>Unspecified</database>
	</source>
	<size>
		<width>404</width>
		<height>503</height>
		<depth>3</depth>
	</size>
	<object>
		<name>face</name>
		<pose>Unspecified</pose>
		<truncated>Unspecified</truncated>
		<difficult>Unspecified</difficult>
		<bndbox>
			<xmin>100</xmin>
			<ymin>132</ymin>
			<xmax>342</xmax>
			<ymax>360</ymax>
		</bndbox>
	</object>
</annotation>