<annotation>
	<folder>my-project-name</folder>
	<filename>24_1_0_20170111182452774.jpg</filename>
	<path>/my-project-name/24_1_0_20170111182452774.jpg</path>
	<source>
		<database>Unspecified</database>
	</source>
	<size>
		<width>383</width>
		<height>600</height>
		<depth>3</depth>
	</size>
	<object>
		<name>face</name>
		<pose>Unspecified</pose>
		<truncated>Unspecified</truncated>
		<difficult>Unspecified</difficult>
		<bndbox>
			<xmin>153</xmin>
			<ymin>55</ymin>
			<xmax>232</xmax>
			<ymax>142</ymax>
		</bndbox>
	</object>
</annotation>