<annotation>
	<folder>my-project-name</folder>
	<filename>24_1_0_20170104015931173.jpg</filename>
	<path>/my-project-name/24_1_0_20170104015931173.jpg</path>
	<source>
		<database>Unspecified</database>
	</source>
	<size>
		<width>940</width>
		<height>601</height>
		<depth>3</depth>
	</size>
	<object>
		<name>face</name>
		<pose>Unspecified</pose>
		<truncated>Unspecified</truncated>
		<difficult>Unspecified</difficult>
		<bndbox>
			<xmin>496</xmin>
			<ymin>145</ymin>
			<xmax>670</xmax>
			<ymax>324</ymax>
		</bndbox>
	</object>
</annotation>