<annotation>
	<folder>my-project-name</folder>
	<filename>24_1_3_20170104231939707.jpg</filename>
	<path>/my-project-name/24_1_3_20170104231939707.jpg</path>
	<source>
		<database>Unspecified</database>
	</source>
	<size>
		<width>432</width>
		<height>329</height>
		<depth>3</depth>
	</size>
	<object>
		<name>face</name>
		<pose>Unspecified</pose>
		<truncated>Unspecified</truncated>
		<difficult>Unspecified</difficult>
		<bndbox>
			<xmin>176</xmin>
			<ymin>69</ymin>
			<xmax>328</xmax>
			<ymax>233</ymax>
		</bndbox>
	</object>
</annotation>