<annotation>
	<folder>my-project-name</folder>
	<filename>24_1_0_20170105000615467.jpg</filename>
	<path>/my-project-name/24_1_0_20170105000615467.jpg</path>
	<source>
		<database>Unspecified</database>
	</source>
	<size>
		<width>298</width>
		<height>375</height>
		<depth>3</depth>
	</size>
	<object>
		<name>face</name>
		<pose>Unspecified</pose>
		<truncated>Unspecified</truncated>
		<difficult>Unspecified</difficult>
		<bndbox>
			<xmin>91</xmin>
			<ymin>99</ymin>
			<xmax>209</xmax>
			<ymax>236</ymax>
		</bndbox>
	</object>
</annotation>