<annotation>
	<folder>my-project-name</folder>
	<filename>24_1_3_20170104231950346.jpg</filename>
	<path>/my-project-name/24_1_3_20170104231950346.jpg</path>
	<source>
		<database>Unspecified</database>
	</source>
	<size>
		<width>242</width>
		<height>339</height>
		<depth>3</depth>
	</size>
	<object>
		<name>face</name>
		<pose>Unspecified</pose>
		<truncated>Unspecified</truncated>
		<difficult>Unspecified</difficult>
		<bndbox>
			<xmin>84</xmin>
			<ymin>51</ymin>
			<xmax>166</xmax>
			<ymax>140</ymax>
		</bndbox>
	</object>
</annotation>