<annotation>
	<folder>my-project-name</folder>
	<filename>24_1_3_20170104223049680.jpg</filename>
	<path>/my-project-name/24_1_3_20170104223049680.jpg</path>
	<source>
		<database>Unspecified</database>
	</source>
	<size>
		<width>368</width>
		<height>551</height>
		<depth>3</depth>
	</size>
	<object>
		<name>face</name>
		<pose>Unspecified</pose>
		<truncated>Unspecified</truncated>
		<difficult>Unspecified</difficult>
		<bndbox>
			<xmin>124</xmin>
			<ymin>131</ymin>
			<xmax>248</xmax>
			<ymax>286</ymax>
		</bndbox>
	</object>
</annotation>