<annotation>
	<folder>my-project-name</folder>
	<filename>24_1_3_20170104232545657.jpg</filename>
	<path>/my-project-name/24_1_3_20170104232545657.jpg</path>
	<source>
		<database>Unspecified</database>
	</source>
	<size>
		<width>466</width>
		<height>371</height>
		<depth>3</depth>
	</size>
	<object>
		<name>face</name>
		<pose>Unspecified</pose>
		<truncated>Unspecified</truncated>
		<difficult>Unspecified</difficult>
		<bndbox>
			<xmin>180</xmin>
			<ymin>57</ymin>
			<xmax>302</xmax>
			<ymax>197</ymax>
		</bndbox>
	</object>
</annotation>