<annotation>
	<folder>my-project-name</folder>
	<filename>24_1_0_20170104021527253.jpg</filename>
	<path>/my-project-name/24_1_0_20170104021527253.jpg</path>
	<source>
		<database>Unspecified</database>
	</source>
	<size>
		<width>964</width>
		<height>601</height>
		<depth>3</depth>
	</size>
	<object>
		<name>face</name>
		<pose>Unspecified</pose>
		<truncated>Unspecified</truncated>
		<difficult>Unspecified</difficult>
		<bndbox>
			<xmin>343</xmin>
			<ymin>157</ymin>
			<xmax>629</xmax>
			<ymax>453</ymax>
		</bndbox>
	</object>
</annotation>