<annotation>
	<folder>my-project-name</folder>
	<filename>24_1_0_20170105162704533.jpg</filename>
	<path>/my-project-name/24_1_0_20170105162704533.jpg</path>
	<source>
		<database>Unspecified</database>
	</source>
	<size>
		<width>282</width>
		<height>401</height>
		<depth>3</depth>
	</size>
	<object>
		<name>face</name>
		<pose>Unspecified</pose>
		<truncated>Unspecified</truncated>
		<difficult>Unspecified</difficult>
		<bndbox>
			<xmin>81</xmin>
			<ymin>61</ymin>
			<xmax>199</xmax>
			<ymax>214</ymax>
		</bndbox>
	</object>
</annotation>