<annotation>
	<folder>my-project-name</folder>
	<filename>24_1_0_20170105000720347.jpg</filename>
	<path>/my-project-name/24_1_0_20170105000720347.jpg</path>
	<source>
		<database>Unspecified</database>
	</source>
	<size>
		<width>202</width>
		<height>201</height>
		<depth>3</depth>
	</size>
	<object>
		<name>face</name>
		<pose>Unspecified</pose>
		<truncated>Unspecified</truncated>
		<difficult>Unspecified</difficult>
		<bndbox>
			<xmin>70</xmin>
			<ymin>54</ymin>
			<xmax>152</xmax>
			<ymax>161</ymax>
		</bndbox>
	</object>
</annotation>