<annotation>
	<folder>my-project-name</folder>
	<filename>24_1_0_20170103224725272.jpg</filename>
	<path>/my-project-name/24_1_0_20170103224725272.jpg</path>
	<source>
		<database>Unspecified</database>
	</source>
	<size>
		<width>318</width>
		<height>349</height>
		<depth>3</depth>
	</size>
	<object>
		<name>face</name>
		<pose>Unspecified</pose>
		<truncated>Unspecified</truncated>
		<difficult>Unspecified</difficult>
		<bndbox>
			<xmin>104</xmin>
			<ymin>54</ymin>
			<xmax>201</xmax>
			<ymax>133</ymax>
		</bndbox>
	</object>
</annotation>