<annotation>
	<folder>my-project-name</folder>
	<filename>24_1_3_20170109132534202.jpg</filename>
	<path>/my-project-name/24_1_3_20170109132534202.jpg</path>
	<source>
		<database>Unspecified</database>
	</source>
	<size>
		<width>452</width>
		<height>451</height>
		<depth>3</depth>
	</size>
	<object>
		<name>face</name>
		<pose>Unspecified</pose>
		<truncated>Unspecified</truncated>
		<difficult>Unspecified</difficult>
		<bndbox>
			<xmin>149</xmin>
			<ymin>77</ymin>
			<xmax>337</xmax>
			<ymax>278</ymax>
		</bndbox>
	</object>
</annotation>