<annotation>
	<folder>my-project-name</folder>
	<filename>24_1_3_20170104231923674.jpg</filename>
	<path>/my-project-name/24_1_3_20170104231923674.jpg</path>
	<source>
		<database>Unspecified</database>
	</source>
	<size>
		<width>548</width>
		<height>347</height>
		<depth>3</depth>
	</size>
	<object>
		<name>face</name>
		<pose>Unspecified</pose>
		<truncated>Unspecified</truncated>
		<difficult>Unspecified</difficult>
		<bndbox>
			<xmin>213</xmin>
			<ymin>34</ymin>
			<xmax>347</xmax>
			<ymax>187</ymax>
		</bndbox>
	</object>
</annotation>