<annotation>
	<folder>my-project-name</folder>
	<filename>24_1_0_20170104021019292.jpg</filename>
	<path>/my-project-name/24_1_0_20170104021019292.jpg</path>
	<source>
		<database>Unspecified</database>
	</source>
	<size>
		<width>402</width>
		<height>601</height>
		<depth>3</depth>
	</size>
	<object>
		<name>face</name>
		<pose>Unspecified</pose>
		<truncated>Unspecified</truncated>
		<difficult>Unspecified</difficult>
		<bndbox>
			<xmin>15</xmin>
			<ymin>140</ymin>
			<xmax>325</xmax>
			<ymax>515</ymax>
		</bndbox>
	</object>
</annotation>