<annotation>
	<folder>my-project-name</folder>
	<filename>24_1_4_20161223231327524.jpg</filename>
	<path>/my-project-name/24_1_4_20161223231327524.jpg</path>
	<source>
		<database>Unspecified</database>
	</source>
	<size>
		<width>208</width>
		<height>365</height>
		<depth>3</depth>
	</size>
	<object>
		<name>face</name>
		<pose>Unspecified</pose>
		<truncated>Unspecified</truncated>
		<difficult>Unspecified</difficult>
		<bndbox>
			<xmin>62</xmin>
			<ymin>48</ymin>
			<xmax>180</xmax>
			<ymax>197</ymax>
		</bndbox>
	</object>
</annotation>