<annotation>
	<folder>my-project-name</folder>
	<filename>24_1_0_20170103225156008.jpg</filename>
	<path>/my-project-name/24_1_0_20170103225156008.jpg</path>
	<source>
		<database>Unspecified</database>
	</source>
	<size>
		<width>296</width>
		<height>329</height>
		<depth>3</depth>
	</size>
	<object>
		<name>face</name>
		<pose>Unspecified</pose>
		<truncated>Unspecified</truncated>
		<difficult>Unspecified</difficult>
		<bndbox>
			<xmin>84</xmin>
			<ymin>70</ymin>
			<xmax>204</xmax>
			<ymax>192</ymax>
		</bndbox>
	</object>
</annotation>