<annotation>
	<folder>my-project-name</folder>
	<filename>24_1_3_20170104222753607.jpg</filename>
	<path>/my-project-name/24_1_3_20170104222753607.jpg</path>
	<source>
		<database>Unspecified</database>
	</source>
	<size>
		<width>358</width>
		<height>567</height>
		<depth>3</depth>
	</size>
	<object>
		<name>face</name>
		<pose>Unspecified</pose>
		<truncated>Unspecified</truncated>
		<difficult>Unspecified</difficult>
		<bndbox>
			<xmin>135</xmin>
			<ymin>41</ymin>
			<xmax>220</xmax>
			<ymax>143</ymax>
		</bndbox>
	</object>
</annotation>