<annotation>
	<folder>my-project-name</folder>
	<filename>24_1_0_20170111182452781.jpg</filename>
	<path>/my-project-name/24_1_0_20170111182452781.jpg</path>
	<source>
		<database>Unspecified</database>
	</source>
	<size>
		<width>415</width>
		<height>600</height>
		<depth>3</depth>
	</size>
	<object>
		<name>face</name>
		<pose>Unspecified</pose>
		<truncated>Unspecified</truncated>
		<difficult>Unspecified</difficult>
		<bndbox>
			<xmin>149</xmin>
			<ymin>107</ymin>
			<xmax>291</xmax>
			<ymax>269</ymax>
		</bndbox>
	</object>
</annotation>