<annotation>
	<folder>my-project-name</folder>
	<filename>24_1_0_20170103163127424.jpg</filename>
	<path>/my-project-name/24_1_0_20170103163127424.jpg</path>
	<source>
		<database>Unspecified</database>
	</source>
	<size>
		<width>422</width>
		<height>481</height>
		<depth>3</depth>
	</size>
	<object>
		<name>face</name>
		<pose>Unspecified</pose>
		<truncated>Unspecified</truncated>
		<difficult>Unspecified</difficult>
		<bndbox>
			<xmin>94</xmin>
			<ymin>96</ymin>
			<xmax>292</xmax>
			<ymax>306</ymax>
		</bndbox>
	</object>
</annotation>