<annotation>
	<folder>my-project-name</folder>
	<filename>24_1_4_20170102233433610.jpg</filename>
	<path>/my-project-name/24_1_4_20170102233433610.jpg</path>
	<source>
		<database>Unspecified</database>
	</source>
	<size>
		<width>252</width>
		<height>401</height>
		<depth>3</depth>
	</size>
	<object>
		<name>face</name>
		<pose>Unspecified</pose>
		<truncated>Unspecified</truncated>
		<difficult>Unspecified</difficult>
		<bndbox>
			<xmin>17</xmin>
			<ymin>113</ymin>
			<xmax>234</xmax>
			<ymax>309</ymax>
		</bndbox>
	</object>
</annotation>