<annotation>
	<folder>my-project-name</folder>
	<filename>24_1_3_20170104232256105.jpg</filename>
	<path>/my-project-name/24_1_3_20170104232256105.jpg</path>
	<source>
		<database>Unspecified</database>
	</source>
	<size>
		<width>174</width>
		<height>329</height>
		<depth>3</depth>
	</size>
	<object>
		<name>face</name>
		<pose>Unspecified</pose>
		<truncated>Unspecified</truncated>
		<difficult>Unspecified</difficult>
		<bndbox>
			<xmin>93</xmin>
			<ymin>33</ymin>
			<xmax>160</xmax>
			<ymax>124</ymax>
		</bndbox>
	</object>
</annotation>