<annotation>
	<folder>my-project-name</folder>
	<filename>24_1_3_20170104235106686.jpg</filename>
	<path>/my-project-name/24_1_3_20170104235106686.jpg</path>
	<source>
		<database>Unspecified</database>
	</source>
	<size>
		<width>368</width>
		<height>551</height>
		<depth>3</depth>
	</size>
	<object>
		<name>face</name>
		<pose>Unspecified</pose>
		<truncated>Unspecified</truncated>
		<difficult>Unspecified</difficult>
		<bndbox>
			<xmin>148</xmin>
			<ymin>75</ymin>
			<xmax>250</xmax>
			<ymax>205</ymax>
		</bndbox>
	</object>
</annotation>