<annotation>
	<folder>my-project-name</folder>
	<filename>24_1_3_20170104232305465.jpg</filename>
	<path>/my-project-name/24_1_3_20170104232305465.jpg</path>
	<source>
		<database>Unspecified</database>
	</source>
	<size>
		<width>424</width>
		<height>369</height>
		<depth>3</depth>
	</size>
	<object>
		<name>face</name>
		<pose>Unspecified</pose>
		<truncated>Unspecified</truncated>
		<difficult>Unspecified</difficult>
		<bndbox>
			<xmin>172</xmin>
			<ymin>37</ymin>
			<xmax>248</xmax>
			<ymax>118</ymax>
		</bndbox>
	</object>
</annotation>