<annotation>
	<folder>my-project-name</folder>
	<filename>24_1_0_20161223231304660.jpg</filename>
	<path>/my-project-name/24_1_0_20161223231304660.jpg</path>
	<source>
		<database>Unspecified</database>
	</source>
	<size>
		<width>468</width>
		<height>351</height>
		<depth>3</depth>
	</size>
	<object>
		<name>face</name>
		<pose>Unspecified</pose>
		<truncated>Unspecified</truncated>
		<difficult>Unspecified</difficult>
		<bndbox>
			<xmin>180</xmin>
			<ymin>35</ymin>
			<xmax>258</xmax>
			<ymax>144</ymax>
		</bndbox>
	</object>
</annotation>