<annotation>
	<folder>my-project-name</folder>
	<filename>24_1_3_20170104223331567.jpg</filename>
	<path>/my-project-name/24_1_3_20170104223331567.jpg</path>
	<source>
		<database>Unspecified</database>
	</source>
	<size>
		<width>496</width>
		<height>409</height>
		<depth>3</depth>
	</size>
	<object>
		<name>face</name>
		<pose>Unspecified</pose>
		<truncated>Unspecified</truncated>
		<difficult>Unspecified</difficult>
		<bndbox>
			<xmin>242</xmin>
			<ymin>74</ymin>
			<xmax>367</xmax>
			<ymax>188</ymax>
		</bndbox>
	</object>
</annotation>