<annotation>
	<folder>my-project-name</folder>
	<filename>24_1_3_20170104222905601.jpg</filename>
	<path>/my-project-name/24_1_3_20170104222905601.jpg</path>
	<source>
		<database>Unspecified</database>
	</source>
	<size>
		<width>380</width>
		<height>533</height>
		<depth>3</depth>
	</size>
	<object>
		<name>face</name>
		<pose>Unspecified</pose>
		<truncated>Unspecified</truncated>
		<difficult>Unspecified</difficult>
		<bndbox>
			<xmin>157</xmin>
			<ymin>33</ymin>
			<xmax>248</xmax>
			<ymax>146</ymax>
		</bndbox>
	</object>
</annotation>