<annotation>
	<folder>my-project-name</folder>
	<filename>24_1_3_20170104234822506.jpg</filename>
	<path>/my-project-name/24_1_3_20170104234822506.jpg</path>
	<source>
		<database>Unspecified</database>
	</source>
	<size>
		<width>402</width>
		<height>401</height>
		<depth>3</depth>
	</size>
	<object>
		<name>face</name>
		<pose>Unspecified</pose>
		<truncated>Unspecified</truncated>
		<difficult>Unspecified</difficult>
		<bndbox>
			<xmin>105</xmin>
			<ymin>104</ymin>
			<xmax>235</xmax>
			<ymax>247</ymax>
		</bndbox>
	</object>
</annotation>