<annotation>
	<folder>my-project-name</folder>
	<filename>24_1_0_20170104233906146.jpg</filename>
	<path>/my-project-name/24_1_0_20170104233906146.jpg</path>
	<source>
		<database>Unspecified</database>
	</source>
	<size>
		<width>380</width>
		<height>533</height>
		<depth>3</depth>
	</size>
	<object>
		<name>face</name>
		<pose>Unspecified</pose>
		<truncated>Unspecified</truncated>
		<difficult>Unspecified</difficult>
		<bndbox>
			<xmin>86</xmin>
			<ymin>129</ymin>
			<xmax>266</xmax>
			<ymax>281</ymax>
		</bndbox>
	</object>
</annotation>