<annotation>
	<folder>my-project-name</folder>
	<filename>24_1_3_20170104223019607.jpg</filename>
	<path>/my-project-name/24_1_3_20170104223019607.jpg</path>
	<source>
		<database>Unspecified</database>
	</source>
	<size>
		<width>442</width>
		<height>459</height>
		<depth>3</depth>
	</size>
	<object>
		<name>face</name>
		<pose>Unspecified</pose>
		<truncated>Unspecified</truncated>
		<difficult>Unspecified</difficult>
		<bndbox>
			<xmin>183</xmin>
			<ymin>52</ymin>
			<xmax>314</xmax>
			<ymax>214</ymax>
		</bndbox>
	</object>
</annotation>