<annotation>
	<folder>my-project-name</folder>
	<filename>24_1_3_20170104231953658.jpg</filename>
	<path>/my-project-name/24_1_3_20170104231953658.jpg</path>
	<source>
		<database>Unspecified</database>
	</source>
	<size>
		<width>202</width>
		<height>201</height>
		<depth>3</depth>
	</size>
	<object>
		<name>face</name>
		<pose>Unspecified</pose>
		<truncated>Unspecified</truncated>
		<difficult>Unspecified</difficult>
		<bndbox>
			<xmin>61</xmin>
			<ymin>17</ymin>
			<xmax>128</xmax>
			<ymax>92</ymax>
		</bndbox>
	</object>
</annotation>