<annotation>
	<folder>my-project-name</folder>
	<filename>24_1_3_20170104231931545.jpg</filename>
	<path>/my-project-name/24_1_3_20170104231931545.jpg</path>
	<source>
		<database>Unspecified</database>
	</source>
	<size>
		<width>326</width>
		<height>355</height>
		<depth>3</depth>
	</size>
	<object>
		<name>face</name>
		<pose>Unspecified</pose>
		<truncated>Unspecified</truncated>
		<difficult>Unspecified</difficult>
		<bndbox>
			<xmin>114</xmin>
			<ymin>70</ymin>
			<xmax>212</xmax>
			<ymax>179</ymax>
		</bndbox>
	</object>
</annotation>