<annotation>
	<folder>my-project-name</folder>
	<filename>24_1_3_20170104235417596.jpg</filename>
	<path>/my-project-name/24_1_3_20170104235417596.jpg</path>
	<source>
		<database>Unspecified</database>
	</source>
	<size>
		<width>430</width>
		<height>471</height>
		<depth>3</depth>
	</size>
	<object>
		<name>face</name>
		<pose>Unspecified</pose>
		<truncated>Unspecified</truncated>
		<difficult>Unspecified</difficult>
		<bndbox>
			<xmin>142</xmin>
			<ymin>75</ymin>
			<xmax>287</xmax>
			<ymax>248</ymax>
		</bndbox>
	</object>
</annotation>