<annotation>
	<folder>my-project-name</folder>
	<filename>24_1_3_20170104234737428.jpg</filename>
	<path>/my-project-name/24_1_3_20170104234737428.jpg</path>
	<source>
		<database>Unspecified</database>
	</source>
	<size>
		<width>508</width>
		<height>399</height>
		<depth>3</depth>
	</size>
	<object>
		<name>face</name>
		<pose>Unspecified</pose>
		<truncated>Unspecified</truncated>
		<difficult>Unspecified</difficult>
		<bndbox>
			<xmin>150</xmin>
			<ymin>99</ymin>
			<xmax>368</xmax>
			<ymax>317</ymax>
		</bndbox>
	</object>
</annotation>