<annotation>
	<folder>my-project-name</folder>
	<filename>24_1_0_20170103180549431.jpg</filename>
	<path>/my-project-name/24_1_0_20170103180549431.jpg</path>
	<source>
		<database>Unspecified</database>
	</source>
	<size>
		<width>322</width>
		<height>321</height>
		<depth>3</depth>
	</size>
	<object>
		<name>face</name>
		<pose>Unspecified</pose>
		<truncated>Unspecified</truncated>
		<difficult>Unspecified</difficult>
		<bndbox>
			<xmin>113</xmin>
			<ymin>68</ymin>
			<xmax>223</xmax>
			<ymax>177</ymax>
		</bndbox>
	</object>
</annotation>