<annotation>
	<folder>my-project-name</folder>
	<filename>25_0_0_20170110231839623.jpg</filename>
	<path>/my-project-name/25_0_0_20170110231839623.jpg</path>
	<source>
		<database>Unspecified</database>
	</source>
	<size>
		<width>634</width>
		<height>356</height>
		<depth>3</depth>
	</size>
	<object>
		<name>face</name>
		<pose>Unspecified</pose>
		<truncated>Unspecified</truncated>
		<difficult>Unspecified</difficult>
		<bndbox>
			<xmin>179</xmin>
			<ymin>82</ymin>
			<xmax>376</xmax>
			<ymax>295</ymax>
		</bndbox>
	</object>
</annotation>