<annotation>
	<folder>my-project-name</folder>
	<filename>25_0_2_20170104021135333.jpg</filename>
	<path>/my-project-name/25_0_2_20170104021135333.jpg</path>
	<source>
		<database>Unspecified</database>
	</source>
	<size>
		<width>462</width>
		<height>601</height>
		<depth>3</depth>
	</size>
	<object>
		<name>face</name>
		<pose>Unspecified</pose>
		<truncated>Unspecified</truncated>
		<difficult>Unspecified</difficult>
		<bndbox>
			<xmin>119</xmin>
			<ymin>205</ymin>
			<xmax>348</xmax>
			<ymax>461</ymax>
		</bndbox>
	</object>
</annotation>