<annotation>
	<folder>my-project-name</folder>
	<filename>25_0_3_20170104214558568.jpg</filename>
	<path>/my-project-name/25_0_3_20170104214558568.jpg</path>
	<source>
		<database>Unspecified</database>
	</source>
	<size>
		<width>356</width>
		<height>329</height>
		<depth>3</depth>
	</size>
	<object>
		<name>face</name>
		<pose>Unspecified</pose>
		<truncated>Unspecified</truncated>
		<difficult>Unspecified</difficult>
		<bndbox>
			<xmin>115</xmin>
			<ymin>68</ymin>
			<xmax>238</xmax>
			<ymax>192</ymax>
		</bndbox>
	</object>
</annotation>