<annotation>
	<folder>my-project-name</folder>
	<filename>25_0_2_20170104192902767.jpg</filename>
	<path>/my-project-name/25_0_2_20170104192902767.jpg</path>
	<source>
		<database>Unspecified</database>
	</source>
	<size>
		<width>452</width>
		<height>451</height>
		<depth>3</depth>
	</size>
	<object>
		<name>face</name>
		<pose>Unspecified</pose>
		<truncated>Unspecified</truncated>
		<difficult>Unspecified</difficult>
		<bndbox>
			<xmin>135</xmin>
			<ymin>108</ymin>
			<xmax>346</xmax>
			<ymax>394</ymax>
		</bndbox>
	</object>
</annotation>