<annotation>
	<folder>my-project-name</folder>
	<filename>25_0_0_20170104214616710.jpg</filename>
	<path>/my-project-name/25_0_0_20170104214616710.jpg</path>
	<source>
		<database>Unspecified</database>
	</source>
	<size>
		<width>384</width>
		<height>329</height>
		<depth>3</depth>
	</size>
	<object>
		<name>face</name>
		<pose>Unspecified</pose>
		<truncated>Unspecified</truncated>
		<difficult>Unspecified</difficult>
		<bndbox>
			<xmin>114</xmin>
			<ymin>94</ymin>
			<xmax>258</xmax>
			<ymax>261</ymax>
		</bndbox>
	</object>
</annotation>