<annotation>
	<folder>my-project-name</folder>
	<filename>25_0_3_20170104214610101.jpg</filename>
	<path>/my-project-name/25_0_3_20170104214610101.jpg</path>
	<source>
		<database>Unspecified</database>
	</source>
	<size>
		<width>282</width>
		<height>357</height>
		<depth>3</depth>
	</size>
	<object>
		<name>face</name>
		<pose>Unspecified</pose>
		<truncated>Unspecified</truncated>
		<difficult>Unspecified</difficult>
		<bndbox>
			<xmin>66</xmin>
			<ymin>103</ymin>
			<xmax>214</xmax>
			<ymax>265</ymax>
		</bndbox>
	</object>
</annotation>