<annotation>
	<folder>my-project-name</folder>
	<filename>25_0_0_20170105162443771.jpg</filename>
	<path>/my-project-name/25_0_0_20170105162443771.jpg</path>
	<source>
		<database>Unspecified</database>
	</source>
	<size>
		<width>276</width>
		<height>387</height>
		<depth>3</depth>
	</size>
	<object>
		<name>face</name>
		<pose>Unspecified</pose>
		<truncated>Unspecified</truncated>
		<difficult>Unspecified</difficult>
		<bndbox>
			<xmin>66</xmin>
			<ymin>77</ymin>
			<xmax>246</xmax>
			<ymax>261</ymax>
		</bndbox>
	</object>
</annotation>