<annotation>
	<folder>my-project-name</folder>
	<filename>25_0_3_20170104230440360.jpg</filename>
	<path>/my-project-name/25_0_3_20170104230440360.jpg</path>
	<source>
		<database>Unspecified</database>
	</source>
	<size>
		<width>370</width>
		<height>549</height>
		<depth>3</depth>
	</size>
	<object>
		<name>face</name>
		<pose>Unspecified</pose>
		<truncated>Unspecified</truncated>
		<difficult>Unspecified</difficult>
		<bndbox>
			<xmin>233</xmin>
			<ymin>91</ymin>
			<xmax>344</xmax>
			<ymax>227</ymax>
		</bndbox>
	</object>
</annotation>