<annotation>
	<folder>my-project-name</folder>
	<filename>25_0_2_20170104021424381.jpg</filename>
	<path>/my-project-name/25_0_2_20170104021424381.jpg</path>
	<source>
		<database>Unspecified</database>
	</source>
	<size>
		<width>490</width>
		<height>601</height>
		<depth>3</depth>
	</size>
	<object>
		<name>face</name>
		<pose>Unspecified</pose>
		<truncated>Unspecified</truncated>
		<difficult>Unspecified</difficult>
		<bndbox>
			<xmin>91</xmin>
			<ymin>149</ymin>
			<xmax>372</xmax>
			<ymax>423</ymax>
		</bndbox>
	</object>
</annotation>