<annotation>
	<folder>my-project-name</folder>
	<filename>25_0_3_20170104230227202.jpg</filename>
	<path>/my-project-name/25_0_3_20170104230227202.jpg</path>
	<source>
		<database>Unspecified</database>
	</source>
	<size>
		<width>528</width>
		<height>385</height>
		<depth>3</depth>
	</size>
	<object>
		<name>face</name>
		<pose>Unspecified</pose>
		<truncated>Unspecified</truncated>
		<difficult>Unspecified</difficult>
		<bndbox>
			<xmin>178</xmin>
			<ymin>56</ymin>
			<xmax>351</xmax>
			<ymax>286</ymax>
		</bndbox>
	</object>
</annotation>