<annotation>
	<folder>my-project-name</folder>
	<filename>25_0_3_20170104220223342.jpg</filename>
	<path>/my-project-name/25_0_3_20170104220223342.jpg</path>
	<source>
		<database>Unspecified</database>
	</source>
	<size>
		<width>350</width>
		<height>341</height>
		<depth>3</depth>
	</size>
	<object>
		<name>face</name>
		<pose>Unspecified</pose>
		<truncated>Unspecified</truncated>
		<difficult>Unspecified</difficult>
		<bndbox>
			<xmin>110</xmin>
			<ymin>56</ymin>
			<xmax>222</xmax>
			<ymax>194</ymax>
		</bndbox>
	</object>
</annotation>