<annotation>
	<folder>my-project-name</folder>
	<filename>25_0_3_20170104214613229.jpg</filename>
	<path>/my-project-name/25_0_3_20170104214613229.jpg</path>
	<source>
		<database>Unspecified</database>
	</source>
	<size>
		<width>234</width>
		<height>329</height>
		<depth>3</depth>
	</size>
	<object>
		<name>face</name>
		<pose>Unspecified</pose>
		<truncated>Unspecified</truncated>
		<difficult>Unspecified</difficult>
		<bndbox>
			<xmin>94</xmin>
			<ymin>75</ymin>
			<xmax>193</xmax>
			<ymax>211</ymax>
		</bndbox>
	</object>
</annotation>