<annotation>
	<folder>my-project-name</folder>
	<filename>25_0_3_20170105175316102.jpg</filename>
	<path>/my-project-name/25_0_3_20170105175316102.jpg</path>
	<source>
		<database>Unspecified</database>
	</source>
	<size>
		<width>202</width>
		<height>201</height>
		<depth>3</depth>
	</size>
	<object>
		<name>face</name>
		<pose>Unspecified</pose>
		<truncated>Unspecified</truncated>
		<difficult>Unspecified</difficult>
		<bndbox>
			<xmin>57</xmin>
			<ymin>63</ymin>
			<xmax>148</xmax>
			<ymax>150</ymax>
		</bndbox>
	</object>
</annotation>