<annotation>
	<folder>my-project-name</folder>
	<filename>25_0_3_20170104214432805.jpg</filename>
	<path>/my-project-name/25_0_3_20170104214432805.jpg</path>
	<source>
		<database>Unspecified</database>
	</source>
	<size>
		<width>220</width>
		<height>329</height>
		<depth>3</depth>
	</size>
	<object>
		<name>face</name>
		<pose>Unspecified</pose>
		<truncated>Unspecified</truncated>
		<difficult>Unspecified</difficult>
		<bndbox>
			<xmin>12</xmin>
			<ymin>74</ymin>
			<xmax>160</xmax>
			<ymax>223</ymax>
		</bndbox>
	</object>
</annotation>