<annotation>
	<folder>my-project-name</folder>
	<filename>25_0_2_20161219193843611.jpg</filename>
	<path>/my-project-name/25_0_2_20161219193843611.jpg</path>
	<source>
		<database>Unspecified</database>
	</source>
	<size>
		<width>224</width>
		<height>300</height>
		<depth>3</depth>
	</size>
	<object>
		<name>face</name>
		<pose>Unspecified</pose>
		<truncated>Unspecified</truncated>
		<difficult>Unspecified</difficult>
		<bndbox>
			<xmin>38</xmin>
			<ymin>76</ymin>
			<xmax>154</xmax>
			<ymax>203</ymax>
		</bndbox>
	</object>
</annotation>