<annotation>
	<folder>my-project-name</folder>
	<filename>25_0_3_20170107213404617.jpg</filename>
	<path>/my-project-name/25_0_3_20170107213404617.jpg</path>
	<source>
		<database>Unspecified</database>
	</source>
	<size>
		<width>178</width>
		<height>233</height>
		<depth>3</depth>
	</size>
	<object>
		<name>face</name>
		<pose>Unspecified</pose>
		<truncated>Unspecified</truncated>
		<difficult>Unspecified</difficult>
		<bndbox>
			<xmin>57</xmin>
			<ymin>35</ymin>
			<xmax>128</xmax>
			<ymax>123</ymax>
		</bndbox>
	</object>
</annotation>