<annotation>
	<folder>my-project-name</folder>
	<filename>25_0_3_20170104230516489.jpg</filename>
	<path>/my-project-name/25_0_3_20170104230516489.jpg</path>
	<source>
		<database>Unspecified</database>
	</source>
	<size>
		<width>422</width>
		<height>481</height>
		<depth>3</depth>
	</size>
	<object>
		<name>face</name>
		<pose>Unspecified</pose>
		<truncated>Unspecified</truncated>
		<difficult>Unspecified</difficult>
		<bndbox>
			<xmin>127</xmin>
			<ymin>81</ymin>
			<xmax>325</xmax>
			<ymax>334</ymax>
		</bndbox>
	</object>
</annotation>