<annotation>
	<folder>my-project-name</folder>
	<filename>25_0_0_20170105184137702.jpg</filename>
	<path>/my-project-name/25_0_0_20170105184137702.jpg</path>
	<source>
		<database>Unspecified</database>
	</source>
	<size>
		<width>368</width>
		<height>551</height>
		<depth>3</depth>
	</size>
	<object>
		<name>face</name>
		<pose>Unspecified</pose>
		<truncated>Unspecified</truncated>
		<difficult>Unspecified</difficult>
		<bndbox>
			<xmin>126</xmin>
			<ymin>70</ymin>
			<xmax>237</xmax>
			<ymax>201</ymax>
		</bndbox>
	</object>
</annotation>