<annotation>
	<folder>my-project-name</folder>
	<filename>25_0_0_20170105163328603.jpg</filename>
	<path>/my-project-name/25_0_0_20170105163328603.jpg</path>
	<source>
		<database>Unspecified</database>
	</source>
	<size>
		<width>250</width>
		<height>289</height>
		<depth>3</depth>
	</size>
	<object>
		<name>face</name>
		<pose>Unspecified</pose>
		<truncated>Unspecified</truncated>
		<difficult>Unspecified</difficult>
		<bndbox>
			<xmin>88</xmin>
			<ymin>92</ymin>
			<xmax>194</xmax>
			<ymax>218</ymax>
		</bndbox>
	</object>
</annotation>