<annotation>
	<folder>my-project-name</folder>
	<filename>25_0_3_20170104214602149.jpg</filename>
	<path>/my-project-name/25_0_3_20170104214602149.jpg</path>
	<source>
		<database>Unspecified</database>
	</source>
	<size>
		<width>498</width>
		<height>329</height>
		<depth>3</depth>
	</size>
	<object>
		<name>face</name>
		<pose>Unspecified</pose>
		<truncated>Unspecified</truncated>
		<difficult>Unspecified</difficult>
		<bndbox>
			<xmin>180</xmin>
			<ymin>29</ymin>
			<xmax>382</xmax>
			<ymax>234</ymax>
		</bndbox>
	</object>
</annotation>