<annotation>
	<folder>my-project-name</folder>
	<filename>25_0_1_20170102233534138.jpg</filename>
	<path>/my-project-name/25_0_1_20170102233534138.jpg</path>
	<source>
		<database>Unspecified</database>
	</source>
	<size>
		<width>474</width>
		<height>661</height>
		<depth>3</depth>
	</size>
	<object>
		<name>face</name>
		<pose>Unspecified</pose>
		<truncated>Unspecified</truncated>
		<difficult>Unspecified</difficult>
		<bndbox>
			<xmin>210</xmin>
			<ymin>52</ymin>
			<xmax>327</xmax>
			<ymax>227</ymax>
		</bndbox>
	</object>
</annotation>