<annotation>
	<folder>my-project-name</folder>
	<filename>26_0_3_20170104214630381.jpg</filename>
	<path>/my-project-name/26_0_3_20170104214630381.jpg</path>
	<source>
		<database>Unspecified</database>
	</source>
	<size>
		<width>444</width>
		<height>329</height>
		<depth>3</depth>
	</size>
	<object>
		<name>face</name>
		<pose>Unspecified</pose>
		<truncated>Unspecified</truncated>
		<difficult>Unspecified</difficult>
		<bndbox>
			<xmin>196</xmin>
			<ymin>68</ymin>
			<xmax>309</xmax>
			<ymax>165</ymax>
		</bndbox>
	</object>
</annotation>