<annotation>
	<folder>my-project-name</folder>
	<filename>26_0_3_20170104230356601.jpg</filename>
	<path>/my-project-name/26_0_3_20170104230356601.jpg</path>
	<source>
		<database>Unspecified</database>
	</source>
	<size>
		<width>390</width>
		<height>519</height>
		<depth>3</depth>
	</size>
	<object>
		<name>face</name>
		<pose>Unspecified</pose>
		<truncated>Unspecified</truncated>
		<difficult>Unspecified</difficult>
		<bndbox>
			<xmin>151</xmin>
			<ymin>70</ymin>
			<xmax>247</xmax>
			<ymax>173</ymax>
		</bndbox>
	</object>
</annotation>