<annotation>
	<folder>my-project-name</folder>
	<filename>26_0_4_20170103235523972.jpg</filename>
	<path>/my-project-name/26_0_4_20170103235523972.jpg</path>
	<source>
		<database>Unspecified</database>
	</source>
	<size>
		<width>452</width>
		<height>451</height>
		<depth>3</depth>
	</size>
	<object>
		<name>face</name>
		<pose>Unspecified</pose>
		<truncated>Unspecified</truncated>
		<difficult>Unspecified</difficult>
		<bndbox>
			<xmin>109</xmin>
			<ymin>99</ymin>
			<xmax>327</xmax>
			<ymax>338</ymax>
		</bndbox>
	</object>
</annotation>