<annotation>
	<folder>my-project-name</folder>
	<filename>26_0_3_20170104214717941.jpg</filename>
	<path>/my-project-name/26_0_3_20170104214717941.jpg</path>
	<source>
		<database>Unspecified</database>
	</source>
	<size>
		<width>250</width>
		<height>371</height>
		<depth>3</depth>
	</size>
	<object>
		<name>face</name>
		<pose>Unspecified</pose>
		<truncated>Unspecified</truncated>
		<difficult>Unspecified</difficult>
		<bndbox>
			<xmin>39</xmin>
			<ymin>59</ymin>
			<xmax>170</xmax>
			<ymax>202</ymax>
		</bndbox>
	</object>
</annotation>