<annotation>
	<folder>my-project-name</folder>
	<filename>26_0_4_20170103235546910.jpg</filename>
	<path>/my-project-name/26_0_4_20170103235546910.jpg</path>
	<source>
		<database>Unspecified</database>
	</source>
	<size>
		<width>356</width>
		<height>571</height>
		<depth>3</depth>
	</size>
	<object>
		<name>face</name>
		<pose>Unspecified</pose>
		<truncated>Unspecified</truncated>
		<difficult>Unspecified</difficult>
		<bndbox>
			<xmin>117</xmin>
			<ymin>96</ymin>
			<xmax>199</xmax>
			<ymax>212</ymax>
		</bndbox>
	</object>
</annotation>