<annotation>
	<folder>my-project-name</folder>
	<filename>26_0_3_20170104215431446.jpg</filename>
	<path>/my-project-name/26_0_3_20170104215431446.jpg</path>
	<source>
		<database>Unspecified</database>
	</source>
	<size>
		<width>286</width>
		<height>367</height>
		<depth>3</depth>
	</size>
	<object>
		<name>face</name>
		<pose>Unspecified</pose>
		<truncated>Unspecified</truncated>
		<difficult>Unspecified</difficult>
		<bndbox>
			<xmin>91</xmin>
			<ymin>48</ymin>
			<xmax>184</xmax>
			<ymax>148</ymax>
		</bndbox>
	</object>
</annotation>