<annotation>
	<folder>my-project-name</folder>
	<filename>26_0_3_20170104230424841.jpg</filename>
	<path>/my-project-name/26_0_3_20170104230424841.jpg</path>
	<source>
		<database>Unspecified</database>
	</source>
	<size>
		<width>440</width>
		<height>461</height>
		<depth>3</depth>
	</size>
	<object>
		<name>face</name>
		<pose>Unspecified</pose>
		<truncated>Unspecified</truncated>
		<difficult>Unspecified</difficult>
		<bndbox>
			<xmin>206</xmin>
			<ymin>46</ymin>
			<xmax>342</xmax>
			<ymax>174</ymax>
		</bndbox>
	</object>
</annotation>