<annotation>
	<folder>my-project-name</folder>
	<filename>26_0_0_20170105164133579.jpg</filename>
	<path>/my-project-name/26_0_0_20170105164133579.jpg</path>
	<source>
		<database>Unspecified</database>
	</source>
	<size>
		<width>390</width>
		<height>519</height>
		<depth>3</depth>
	</size>
	<object>
		<name>face</name>
		<pose>Unspecified</pose>
		<truncated>Unspecified</truncated>
		<difficult>Unspecified</difficult>
		<bndbox>
			<xmin>69</xmin>
			<ymin>85</ymin>
			<xmax>277</xmax>
			<ymax>345</ymax>
		</bndbox>
	</object>
</annotation>