<annotation>
	<folder>my-project-name</folder>
	<filename>26_0_3_20170104230509745.jpg</filename>
	<path>/my-project-name/26_0_3_20170104230509745.jpg</path>
	<source>
		<database>Unspecified</database>
	</source>
	<size>
		<width>520</width>
		<height>389</height>
		<depth>3</depth>
	</size>
	<object>
		<name>face</name>
		<pose>Unspecified</pose>
		<truncated>Unspecified</truncated>
		<difficult>Unspecified</difficult>
		<bndbox>
			<xmin>283</xmin>
			<ymin>176</ymin>
			<xmax>376</xmax>
			<ymax>284</ymax>
		</bndbox>
	</object>
</annotation>