<annotation>
	<folder>my-project-name</folder>
	<filename>26_0_1_20170103210459306.jpg</filename>
	<path>/my-project-name/26_0_1_20170103210459306.jpg</path>
	<source>
		<database>Unspecified</database>
	</source>
	<size>
		<width>292</width>
		<height>347</height>
		<depth>3</depth>
	</size>
	<object>
		<name>face</name>
		<pose>Unspecified</pose>
		<truncated>Unspecified</truncated>
		<difficult>Unspecified</difficult>
		<bndbox>
			<xmin>22</xmin>
			<ymin>134</ymin>
			<xmax>160</xmax>
			<ymax>297</ymax>
		</bndbox>
	</object>
</annotation>