<annotation>
	<folder>my-project-name</folder>
	<filename>26_0_4_20170103235432764.jpg</filename>
	<path>/my-project-name/26_0_4_20170103235432764.jpg</path>
	<source>
		<database>Unspecified</database>
	</source>
	<size>
		<width>368</width>
		<height>553</height>
		<depth>3</depth>
	</size>
	<object>
		<name>face</name>
		<pose>Unspecified</pose>
		<truncated>Unspecified</truncated>
		<difficult>Unspecified</difficult>
		<bndbox>
			<xmin>46</xmin>
			<ymin>184</ymin>
			<xmax>283</xmax>
			<ymax>399</ymax>
		</bndbox>
	</object>
</annotation>