<annotation>
	<folder>my-project-name</folder>
	<filename>26_0_0_20170105163435235.jpg</filename>
	<path>/my-project-name/26_0_0_20170105163435235.jpg</path>
	<source>
		<database>Unspecified</database>
	</source>
	<size>
		<width>282</width>
		<height>401</height>
		<depth>3</depth>
	</size>
	<object>
		<name>face</name>
		<pose>Unspecified</pose>
		<truncated>Unspecified</truncated>
		<difficult>Unspecified</difficult>
		<bndbox>
			<xmin>68</xmin>
			<ymin>87</ymin>
			<xmax>203</xmax>
			<ymax>232</ymax>
		</bndbox>
	</object>
</annotation>