<annotation>
	<folder>my-project-name</folder>
	<filename>26_0_4_20170103224903432.jpg</filename>
	<path>/my-project-name/26_0_4_20170103224903432.jpg</path>
	<source>
		<database>Unspecified</database>
	</source>
	<size>
		<width>446</width>
		<height>329</height>
		<depth>3</depth>
	</size>
	<object>
		<name>face</name>
		<pose>Unspecified</pose>
		<truncated>Unspecified</truncated>
		<difficult>Unspecified</difficult>
		<bndbox>
			<xmin>168</xmin>
			<ymin>53</ymin>
			<xmax>268</xmax>
			<ymax>175</ymax>
		</bndbox>
	</object>
</annotation>