<annotation>
	<folder>my-project-name</folder>
	<filename>26_0_4_20170103235338373.jpg</filename>
	<path>/my-project-name/26_0_4_20170103235338373.jpg</path>
	<source>
		<database>Unspecified</database>
	</source>
	<size>
		<width>370</width>
		<height>551</height>
		<depth>3</depth>
	</size>
	<object>
		<name>face</name>
		<pose>Unspecified</pose>
		<truncated>Unspecified</truncated>
		<difficult>Unspecified</difficult>
		<bndbox>
			<xmin>115</xmin>
			<ymin>11</ymin>
			<xmax>203</xmax>
			<ymax>160</ymax>
		</bndbox>
	</object>
</annotation>