<annotation>
	<folder>my-project-name</folder>
	<filename>26_0_4_20170103214633693.jpg</filename>
	<path>/my-project-name/26_0_4_20170103214633693.jpg</path>
	<source>
		<database>Unspecified</database>
	</source>
	<size>
		<width>240</width>
		<height>367</height>
		<depth>3</depth>
	</size>
	<object>
		<name>face</name>
		<pose>Unspecified</pose>
		<truncated>Unspecified</truncated>
		<difficult>Unspecified</difficult>
		<bndbox>
			<xmin>49</xmin>
			<ymin>65</ymin>
			<xmax>182</xmax>
			<ymax>207</ymax>
		</bndbox>
	</object>
</annotation>