<annotation>
	<folder>my-project-name</folder>
	<filename>26_0_4_20170103235020885.jpg</filename>
	<path>/my-project-name/26_0_4_20170103235020885.jpg</path>
	<source>
		<database>Unspecified</database>
	</source>
	<size>
		<width>530</width>
		<height>383</height>
		<depth>3</depth>
	</size>
	<object>
		<name>face</name>
		<pose>Unspecified</pose>
		<truncated>Unspecified</truncated>
		<difficult>Unspecified</difficult>
		<bndbox>
			<xmin>151</xmin>
			<ymin>77</ymin>
			<xmax>320</xmax>
			<ymax>241</ymax>
		</bndbox>
	</object>
</annotation>