<annotation>
	<folder>my-project-name</folder>
	<filename>26_0_1_20170103235317796.jpg</filename>
	<path>/my-project-name/26_0_1_20170103235317796.jpg</path>
	<source>
		<database>Unspecified</database>
	</source>
	<size>
		<width>600</width>
		<height>337</height>
		<depth>3</depth>
	</size>
	<object>
		<name>face</name>
		<pose>Unspecified</pose>
		<truncated>Unspecified</truncated>
		<difficult>Unspecified</difficult>
		<bndbox>
			<xmin>188</xmin>
			<ymin>36</ymin>
			<xmax>380</xmax>
			<ymax>238</ymax>
		</bndbox>
	</object>
</annotation>