<annotation>
	<folder>my-project-name</folder>
	<filename>26_0_3_20170104230413577.jpg</filename>
	<path>/my-project-name/26_0_3_20170104230413577.jpg</path>
	<source>
		<database>Unspecified</database>
	</source>
	<size>
		<width>374</width>
		<height>541</height>
		<depth>3</depth>
	</size>
	<object>
		<name>face</name>
		<pose>Unspecified</pose>
		<truncated>Unspecified</truncated>
		<difficult>Unspecified</difficult>
		<bndbox>
			<xmin>71</xmin>
			<ymin>113</ymin>
			<xmax>200</xmax>
			<ymax>255</ymax>
		</bndbox>
	</object>
</annotation>