<annotation>
	<folder>my-project-name</folder>
	<filename>26_0_3_20170104214719799.jpg</filename>
	<path>/my-project-name/26_0_3_20170104214719799.jpg</path>
	<source>
		<database>Unspecified</database>
	</source>
	<size>
		<width>292</width>
		<height>355</height>
		<depth>3</depth>
	</size>
	<object>
		<name>face</name>
		<pose>Unspecified</pose>
		<truncated>Unspecified</truncated>
		<difficult>Unspecified</difficult>
		<bndbox>
			<xmin>107</xmin>
			<ymin>52</ymin>
			<xmax>189</xmax>
			<ymax>149</ymax>
		</bndbox>
	</object>
</annotation>