<annotation>
	<folder>my-project-name</folder>
	<filename>26_0_0_20170105183712607.jpg</filename>
	<path>/my-project-name/26_0_0_20170105183712607.jpg</path>
	<source>
		<database>Unspecified</database>
	</source>
	<size>
		<width>520</width>
		<height>389</height>
		<depth>3</depth>
	</size>
	<object>
		<name>face</name>
		<pose>Unspecified</pose>
		<truncated>Unspecified</truncated>
		<difficult>Unspecified</difficult>
		<bndbox>
			<xmin>199</xmin>
			<ymin>75</ymin>
			<xmax>325</xmax>
			<ymax>218</ymax>
		</bndbox>
	</object>
</annotation>