<annotation>
	<folder>my-project-name</folder>
	<filename>26_0_4_20170103224832945.jpg</filename>
	<path>/my-project-name/26_0_4_20170103224832945.jpg</path>
	<source>
		<database>Unspecified</database>
	</source>
	<size>
		<width>286</width>
		<height>355</height>
		<depth>3</depth>
	</size>
	<object>
		<name>face</name>
		<pose>Unspecified</pose>
		<truncated>Unspecified</truncated>
		<difficult>Unspecified</difficult>
		<bndbox>
			<xmin>67</xmin>
			<ymin>41</ymin>
			<xmax>144</xmax>
			<ymax>133</ymax>
		</bndbox>
	</object>
</annotation>