<annotation>
	<folder>my-project-name</folder>
	<filename>26_0_3_20170104232246706.jpg</filename>
	<path>/my-project-name/26_0_3_20170104232246706.jpg</path>
	<source>
		<database>Unspecified</database>
	</source>
	<size>
		<width>296</width>
		<height>329</height>
		<depth>3</depth>
	</size>
	<object>
		<name>face</name>
		<pose>Unspecified</pose>
		<truncated>Unspecified</truncated>
		<difficult>Unspecified</difficult>
		<bndbox>
			<xmin>114</xmin>
			<ymin>38</ymin>
			<xmax>253</xmax>
			<ymax>251</ymax>
		</bndbox>
	</object>
</annotation>