<annotation>
	<folder>my-project-name</folder>
	<filename>26_0_1_20170103181054528.jpg</filename>
	<path>/my-project-name/26_0_1_20170103181054528.jpg</path>
	<source>
		<database>Unspecified</database>
	</source>
	<size>
		<width>602</width>
		<height>337</height>
		<depth>3</depth>
	</size>
	<object>
		<name>face</name>
		<pose>Unspecified</pose>
		<truncated>Unspecified</truncated>
		<difficult>Unspecified</difficult>
		<bndbox>
			<xmin>175</xmin>
			<ymin>67</ymin>
			<xmax>273</xmax>
			<ymax>172</ymax>
		</bndbox>
	</object>
</annotation>