<annotation>
	<folder>my-project-name</folder>
	<filename>26_0_3_20170105175308269.jpg</filename>
	<path>/my-project-name/26_0_3_20170105175308269.jpg</path>
	<source>
		<database>Unspecified</database>
	</source>
	<size>
		<width>240</width>
		<height>361</height>
		<depth>3</depth>
	</size>
	<object>
		<name>face</name>
		<pose>Unspecified</pose>
		<truncated>Unspecified</truncated>
		<difficult>Unspecified</difficult>
		<bndbox>
			<xmin>53</xmin>
			<ymin>66</ymin>
			<xmax>185</xmax>
			<ymax>200</ymax>
		</bndbox>
	</object>
</annotation>