<annotation>
	<folder>my-project-name</folder>
	<filename>26_0_3_20170104230403674.jpg</filename>
	<path>/my-project-name/26_0_3_20170104230403674.jpg</path>
	<source>
		<database>Unspecified</database>
	</source>
	<size>
		<width>498</width>
		<height>407</height>
		<depth>3</depth>
	</size>
	<object>
		<name>face</name>
		<pose>Unspecified</pose>
		<truncated>Unspecified</truncated>
		<difficult>Unspecified</difficult>
		<bndbox>
			<xmin>142</xmin>
			<ymin>90</ymin>
			<xmax>336</xmax>
			<ymax>278</ymax>
		</bndbox>
	</object>
</annotation>