<annotation>
	<folder>my-project-name</folder>
	<filename>26_0_2_20170105163936652.jpg</filename>
	<path>/my-project-name/26_0_2_20170105163936652.jpg</path>
	<source>
		<database>Unspecified</database>
	</source>
	<size>
		<width>394</width>
		<height>515</height>
		<depth>3</depth>
	</size>
	<object>
		<name>face</name>
		<pose>Unspecified</pose>
		<truncated>Unspecified</truncated>
		<difficult>Unspecified</difficult>
		<bndbox>
			<xmin>125</xmin>
			<ymin>182</ymin>
			<xmax>236</xmax>
			<ymax>342</ymax>
		</bndbox>
	</object>
</annotation>