<annotation>
	<folder>my-project-name</folder>
	<filename>26_0_2_20170104023102422.jpg</filename>
	<path>/my-project-name/26_0_2_20170104023102422.jpg</path>
	<source>
		<database>Unspecified</database>
	</source>
	<size>
		<width>800</width>
		<height>601</height>
		<depth>3</depth>
	</size>
	<object>
		<name>face</name>
		<pose>Unspecified</pose>
		<truncated>Unspecified</truncated>
		<difficult>Unspecified</difficult>
		<bndbox>
			<xmin>380</xmin>
			<ymin>179</ymin>
			<xmax>504</xmax>
			<ymax>342</ymax>
		</bndbox>
	</object>
</annotation>