<annotation>
	<folder>my-project-name</folder>
	<filename>26_0_4_20170103235404028.jpg</filename>
	<path>/my-project-name/26_0_4_20170103235404028.jpg</path>
	<source>
		<database>Unspecified</database>
	</source>
	<size>
		<width>342</width>
		<height>595</height>
		<depth>3</depth>
	</size>
	<object>
		<name>face</name>
		<pose>Unspecified</pose>
		<truncated>Unspecified</truncated>
		<difficult>Unspecified</difficult>
		<bndbox>
			<xmin>156</xmin>
			<ymin>44</ymin>
			<xmax>262</xmax>
			<ymax>183</ymax>
		</bndbox>
	</object>
</annotation>