<annotation>
	<folder>my-project-name</folder>
	<filename>26_0_0_20170105162452859.jpg</filename>
	<path>/my-project-name/26_0_0_20170105162452859.jpg</path>
	<source>
		<database>Unspecified</database>
	</source>
	<size>
		<width>368</width>
		<height>551</height>
		<depth>3</depth>
	</size>
	<object>
		<name>face</name>
		<pose>Unspecified</pose>
		<truncated>Unspecified</truncated>
		<difficult>Unspecified</difficult>
		<bndbox>
			<xmin>69</xmin>
			<ymin>108</ymin>
			<xmax>277</xmax>
			<ymax>327</ymax>
		</bndbox>
	</object>
</annotation>