<annotation>
	<folder>my-project-name</folder>
	<filename>26_0_4_20170103235429853.jpg</filename>
	<path>/my-project-name/26_0_4_20170103235429853.jpg</path>
	<source>
		<database>Unspecified</database>
	</source>
	<size>
		<width>378</width>
		<height>503</height>
		<depth>3</depth>
	</size>
	<object>
		<name>face</name>
		<pose>Unspecified</pose>
		<truncated>Unspecified</truncated>
		<difficult>Unspecified</difficult>
		<bndbox>
			<xmin>150</xmin>
			<ymin>46</ymin>
			<xmax>264</xmax>
			<ymax>210</ymax>
		</bndbox>
	</object>
</annotation>