<annotation>
	<folder>my-project-name</folder>
	<filename>26_0_1_20170104170637953.jpg</filename>
	<path>/my-project-name/26_0_1_20170104170637953.jpg</path>
	<source>
		<database>Unspecified</database>
	</source>
	<size>
		<width>396</width>
		<height>481</height>
		<depth>3</depth>
	</size>
	<object>
		<name>face</name>
		<pose>Unspecified</pose>
		<truncated>Unspecified</truncated>
		<difficult>Unspecified</difficult>
		<bndbox>
			<xmin>109</xmin>
			<ymin>78</ymin>
			<xmax>278</xmax>
			<ymax>269</ymax>
		</bndbox>
	</object>
</annotation>