<annotation>
	<folder>my-project-name</folder>
	<filename>26_0_4_20170103235233157.jpg</filename>
	<path>/my-project-name/26_0_4_20170103235233157.jpg</path>
	<source>
		<database>Unspecified</database>
	</source>
	<size>
		<width>338</width>
		<height>409</height>
		<depth>3</depth>
	</size>
	<object>
		<name>face</name>
		<pose>Unspecified</pose>
		<truncated>Unspecified</truncated>
		<difficult>Unspecified</difficult>
		<bndbox>
			<xmin>105</xmin>
			<ymin>65</ymin>
			<xmax>243</xmax>
			<ymax>267</ymax>
		</bndbox>
	</object>
</annotation>