<annotation>
	<folder>my-project-name</folder>
	<filename>26_0_1_20170105183720623.jpg</filename>
	<path>/my-project-name/26_0_1_20170105183720623.jpg</path>
	<source>
		<database>Unspecified</database>
	</source>
	<size>
		<width>552</width>
		<height>367</height>
		<depth>3</depth>
	</size>
	<object>
		<name>face</name>
		<pose>Unspecified</pose>
		<truncated>Unspecified</truncated>
		<difficult>Unspecified</difficult>
		<bndbox>
			<xmin>286</xmin>
			<ymin>33</ymin>
			<xmax>399</xmax>
			<ymax>164</ymax>
		</bndbox>
	</object>
</annotation>