<annotation>
	<folder>my-project-name</folder>
	<filename>26_0_4_20170103235333148.jpg</filename>
	<path>/my-project-name/26_0_4_20170103235333148.jpg</path>
	<source>
		<database>Unspecified</database>
	</source>
	<size>
		<width>486</width>
		<height>417</height>
		<depth>3</depth>
	</size>
	<object>
		<name>face</name>
		<pose>Unspecified</pose>
		<truncated>Unspecified</truncated>
		<difficult>Unspecified</difficult>
		<bndbox>
			<xmin>140</xmin>
			<ymin>36</ymin>
			<xmax>280</xmax>
			<ymax>179</ymax>
		</bndbox>
	</object>
</annotation>