<annotation>
	<folder>my-project-name</folder>
	<filename>26_0_3_20170104230427081.jpg</filename>
	<path>/my-project-name/26_0_3_20170104230427081.jpg</path>
	<source>
		<database>Unspecified</database>
	</source>
	<size>
		<width>398</width>
		<height>509</height>
		<depth>3</depth>
	</size>
	<object>
		<name>face</name>
		<pose>Unspecified</pose>
		<truncated>Unspecified</truncated>
		<difficult>Unspecified</difficult>
		<bndbox>
			<xmin>127</xmin>
			<ymin>77</ymin>
			<xmax>260</xmax>
			<ymax>211</ymax>
		</bndbox>
	</object>
</annotation>