<annotation>
	<folder>my-project-name</folder>
	<filename>26_0_1_20170103180959080.jpg</filename>
	<path>/my-project-name/26_0_1_20170103180959080.jpg</path>
	<source>
		<database>Unspecified</database>
	</source>
	<size>
		<width>374</width>
		<height>543</height>
		<depth>3</depth>
	</size>
	<object>
		<name>face</name>
		<pose>Unspecified</pose>
		<truncated>Unspecified</truncated>
		<difficult>Unspecified</difficult>
		<bndbox>
			<xmin>94</xmin>
			<ymin>134</ymin>
			<xmax>286</xmax>
			<ymax>351</ymax>
		</bndbox>
	</object>
</annotation>