<annotation>
	<folder>my-project-name</folder>
	<filename>26_0_0_20170104230421569.jpg</filename>
	<path>/my-project-name/26_0_0_20170104230421569.jpg</path>
	<source>
		<database>Unspecified</database>
	</source>
	<size>
		<width>404</width>
		<height>503</height>
		<depth>3</depth>
	</size>
	<object>
		<name>face</name>
		<pose>Unspecified</pose>
		<truncated>Unspecified</truncated>
		<difficult>Unspecified</difficult>
		<bndbox>
			<xmin>154</xmin>
			<ymin>84</ymin>
			<xmax>255</xmax>
			<ymax>211</ymax>
		</bndbox>
	</object>
</annotation>