<annotation>
	<folder>my-project-name</folder>
	<filename>26_0_4_20170103235645596.jpg</filename>
	<path>/my-project-name/26_0_4_20170103235645596.jpg</path>
	<source>
		<database>Unspecified</database>
	</source>
	<size>
		<width>370</width>
		<height>547</height>
		<depth>3</depth>
	</size>
	<object>
		<name>face</name>
		<pose>Unspecified</pose>
		<truncated>Unspecified</truncated>
		<difficult>Unspecified</difficult>
		<bndbox>
			<xmin>88</xmin>
			<ymin>117</ymin>
			<xmax>226</xmax>
			<ymax>264</ymax>
		</bndbox>
	</object>
</annotation>