<annotation>
	<folder>my-project-name</folder>
	<filename>26_0_3_20170104230341769.jpg</filename>
	<path>/my-project-name/26_0_3_20170104230341769.jpg</path>
	<source>
		<database>Unspecified</database>
	</source>
	<size>
		<width>454</width>
		<height>447</height>
		<depth>3</depth>
	</size>
	<object>
		<name>face</name>
		<pose>Unspecified</pose>
		<truncated>Unspecified</truncated>
		<difficult>Unspecified</difficult>
		<bndbox>
			<xmin>154</xmin>
			<ymin>61</ymin>
			<xmax>264</xmax>
			<ymax>192</ymax>
		</bndbox>
	</object>
</annotation>