<annotation>
	<folder>my-project-name</folder>
	<filename>26_0_0_20170108235818665.jpg</filename>
	<path>/my-project-name/26_0_0_20170108235818665.jpg</path>
	<source>
		<database>Unspecified</database>
	</source>
	<size>
		<width>362</width>
		<height>497</height>
		<depth>3</depth>
	</size>
	<object>
		<name>face</name>
		<pose>Unspecified</pose>
		<truncated>Unspecified</truncated>
		<difficult>Unspecified</difficult>
		<bndbox>
			<xmin>160</xmin>
			<ymin>57</ymin>
			<xmax>259</xmax>
			<ymax>201</ymax>
		</bndbox>
	</object>
</annotation>