<annotation>
	<folder>my-project-name</folder>
	<filename>26_0_0_20170105162648388.jpg</filename>
	<path>/my-project-name/26_0_0_20170105162648388.jpg</path>
	<source>
		<database>Unspecified</database>
	</source>
	<size>
		<width>314</width>
		<height>417</height>
		<depth>3</depth>
	</size>
	<object>
		<name>face</name>
		<pose>Unspecified</pose>
		<truncated>Unspecified</truncated>
		<difficult>Unspecified</difficult>
		<bndbox>
			<xmin>94</xmin>
			<ymin>69</ymin>
			<xmax>187</xmax>
			<ymax>200</ymax>
		</bndbox>
	</object>
</annotation>