<annotation>
	<folder>my-project-name</folder>
	<filename>26_0_4_20170103235328516.jpg</filename>
	<path>/my-project-name/26_0_4_20170103235328516.jpg</path>
	<source>
		<database>Unspecified</database>
	</source>
	<size>
		<width>396</width>
		<height>513</height>
		<depth>3</depth>
	</size>
	<object>
		<name>face</name>
		<pose>Unspecified</pose>
		<truncated>Unspecified</truncated>
		<difficult>Unspecified</difficult>
		<bndbox>
			<xmin>106</xmin>
			<ymin>34</ymin>
			<xmax>208</xmax>
			<ymax>156</ymax>
		</bndbox>
	</object>
</annotation>