<annotation>
	<folder>my-project-name</folder>
	<filename>26_1_1_20170103181439968.jpg</filename>
	<path>/my-project-name/26_1_1_20170103181439968.jpg</path>
	<source>
		<database>Unspecified</database>
	</source>
	<size>
		<width>390</width>
		<height>519</height>
		<depth>3</depth>
	</size>
	<object>
		<name>face</name>
		<pose>Unspecified</pose>
		<truncated>Unspecified</truncated>
		<difficult>Unspecified</difficult>
		<bndbox>
			<xmin>52</xmin>
			<ymin>83</ymin>
			<xmax>246</xmax>
			<ymax>368</ymax>
		</bndbox>
	</object>
</annotation>