<annotation>
	<folder>my-project-name</folder>
	<filename>26_1_0_20170103181710200.jpg</filename>
	<path>/my-project-name/26_1_0_20170103181710200.jpg</path>
	<source>
		<database>Unspecified</database>
	</source>
	<size>
		<width>398</width>
		<height>509</height>
		<depth>3</depth>
	</size>
	<object>
		<name>face</name>
		<pose>Unspecified</pose>
		<truncated>Unspecified</truncated>
		<difficult>Unspecified</difficult>
		<bndbox>
			<xmin>143</xmin>
			<ymin>39</ymin>
			<xmax>266</xmax>
			<ymax>211</ymax>
		</bndbox>
	</object>
</annotation>