<annotation>
	<folder>my-project-name</folder>
	<filename>26_1_2_20170103181524137.jpg</filename>
	<path>/my-project-name/26_1_2_20170103181524137.jpg</path>
	<source>
		<database>Unspecified</database>
	</source>
	<size>
		<width>334</width>
		<height>411</height>
		<depth>3</depth>
	</size>
	<object>
		<name>face</name>
		<pose>Unspecified</pose>
		<truncated>Unspecified</truncated>
		<difficult>Unspecified</difficult>
		<bndbox>
			<xmin>84</xmin>
			<ymin>117</ymin>
			<xmax>240</xmax>
			<ymax>288</ymax>
		</bndbox>
	</object>
</annotation>