<annotation>
	<folder>my-project-name</folder>
	<filename>26_1_0_20170103181123449.jpg</filename>
	<path>/my-project-name/26_1_0_20170103181123449.jpg</path>
	<source>
		<database>Unspecified</database>
	</source>
	<size>
		<width>520</width>
		<height>389</height>
		<depth>3</depth>
	</size>
	<object>
		<name>face</name>
		<pose>Unspecified</pose>
		<truncated>Unspecified</truncated>
		<difficult>Unspecified</difficult>
		<bndbox>
			<xmin>90</xmin>
			<ymin>78</ymin>
			<xmax>158</xmax>
			<ymax>147</ymax>
		</bndbox>
	</object>
</annotation>