<annotation>
	<folder>my-project-name</folder>
	<filename>26_1_0_20170103181926881.jpg</filename>
	<path>/my-project-name/26_1_0_20170103181926881.jpg</path>
	<source>
		<database>Unspecified</database>
	</source>
	<size>
		<width>368</width>
		<height>551</height>
		<depth>3</depth>
	</size>
	<object>
		<name>face</name>
		<pose>Unspecified</pose>
		<truncated>Unspecified</truncated>
		<difficult>Unspecified</difficult>
		<bndbox>
			<xmin>81</xmin>
			<ymin>90</ymin>
			<xmax>232</xmax>
			<ymax>277</ymax>
		</bndbox>
	</object>
</annotation>