<annotation>
	<folder>my-project-name</folder>
	<filename>26_1_0_20170103181852617.jpg</filename>
	<path>/my-project-name/26_1_0_20170103181852617.jpg</path>
	<source>
		<database>Unspecified</database>
	</source>
	<size>
		<width>386</width>
		<height>481</height>
		<depth>3</depth>
	</size>
	<object>
		<name>face</name>
		<pose>Unspecified</pose>
		<truncated>Unspecified</truncated>
		<difficult>Unspecified</difficult>
		<bndbox>
			<xmin>101</xmin>
			<ymin>74</ymin>
			<xmax>253</xmax>
			<ymax>245</ymax>
		</bndbox>
	</object>
</annotation>