<annotation>
	<folder>my-project-name</folder>
	<filename>26_1_0_20170103181112840.jpg</filename>
	<path>/my-project-name/26_1_0_20170103181112840.jpg</path>
	<source>
		<database>Unspecified</database>
	</source>
	<size>
		<width>570</width>
		<height>355</height>
		<depth>3</depth>
	</size>
	<object>
		<name>face</name>
		<pose>Unspecified</pose>
		<truncated>Unspecified</truncated>
		<difficult>Unspecified</difficult>
		<bndbox>
			<xmin>183</xmin>
			<ymin>52</ymin>
			<xmax>295</xmax>
			<ymax>172</ymax>
		</bndbox>
	</object>
</annotation>