<annotation>
	<folder>my-project-name</folder>
	<filename>26_1_0_20170103181901521.jpg</filename>
	<path>/my-project-name/26_1_0_20170103181901521.jpg</path>
	<source>
		<database>Unspecified</database>
	</source>
	<size>
		<width>384</width>
		<height>529</height>
		<depth>3</depth>
	</size>
	<object>
		<name>face</name>
		<pose>Unspecified</pose>
		<truncated>Unspecified</truncated>
		<difficult>Unspecified</difficult>
		<bndbox>
			<xmin>123</xmin>
			<ymin>32</ymin>
			<xmax>286</xmax>
			<ymax>209</ymax>
		</bndbox>
	</object>
</annotation>