<annotation>
	<folder>my-project-name</folder>
	<filename>26_1_1_20170109134519311.jpg</filename>
	<path>/my-project-name/26_1_1_20170109134519311.jpg</path>
	<source>
		<database>Unspecified</database>
	</source>
	<size>
		<width>482</width>
		<height>401</height>
		<depth>3</depth>
	</size>
	<object>
		<name>face</name>
		<pose>Unspecified</pose>
		<truncated>Unspecified</truncated>
		<difficult>Unspecified</difficult>
		<bndbox>
			<xmin>191</xmin>
			<ymin>60</ymin>
			<xmax>307</xmax>
			<ymax>236</ymax>
		</bndbox>
	</object>
</annotation>