<annotation>
	<folder>my-project-name</folder>
	<filename>26_1_1_20170103225852672.jpg</filename>
	<path>/my-project-name/26_1_1_20170103225852672.jpg</path>
	<source>
		<database>Unspecified</database>
	</source>
	<size>
		<width>234</width>
		<height>329</height>
		<depth>3</depth>
	</size>
	<object>
		<name>face</name>
		<pose>Unspecified</pose>
		<truncated>Unspecified</truncated>
		<difficult>Unspecified</difficult>
		<bndbox>
			<xmin>67</xmin>
			<ymin>85</ymin>
			<xmax>175</xmax>
			<ymax>216</ymax>
		</bndbox>
	</object>
</annotation>