<annotation>
	<folder>my-project-name</folder>
	<filename>26_1_4_20170103225817689.jpg</filename>
	<path>/my-project-name/26_1_4_20170103225817689.jpg</path>
	<source>
		<database>Unspecified</database>
	</source>
	<size>
		<width>218</width>
		<height>329</height>
		<depth>3</depth>
	</size>
	<object>
		<name>face</name>
		<pose>Unspecified</pose>
		<truncated>Unspecified</truncated>
		<difficult>Unspecified</difficult>
		<bndbox>
			<xmin>42</xmin>
			<ymin>53</ymin>
			<xmax>147</xmax>
			<ymax>172</ymax>
		</bndbox>
	</object>
</annotation>