<annotation>
	<folder>my-project-name</folder>
	<filename>26_1_0_20170103181326336.jpg</filename>
	<path>/my-project-name/26_1_0_20170103181326336.jpg</path>
	<source>
		<database>Unspecified</database>
	</source>
	<size>
		<width>422</width>
		<height>481</height>
		<depth>3</depth>
	</size>
	<object>
		<name>face</name>
		<pose>Unspecified</pose>
		<truncated>Unspecified</truncated>
		<difficult>Unspecified</difficult>
		<bndbox>
			<xmin>165</xmin>
			<ymin>261</ymin>
			<xmax>274</xmax>
			<ymax>364</ymax>
		</bndbox>
	</object>
</annotation>