<annotation>
	<folder>my-project-name</folder>
	<filename>26_1_4_20170103225928346.jpg</filename>
	<path>/my-project-name/26_1_4_20170103225928346.jpg</path>
	<source>
		<database>Unspecified</database>
	</source>
	<size>
		<width>274</width>
		<height>329</height>
		<depth>3</depth>
	</size>
	<object>
		<name>face</name>
		<pose>Unspecified</pose>
		<truncated>Unspecified</truncated>
		<difficult>Unspecified</difficult>
		<bndbox>
			<xmin>33</xmin>
			<ymin>81</ymin>
			<xmax>205</xmax>
			<ymax>252</ymax>
		</bndbox>
	</object>
</annotation>