<annotation>
	<folder>my-project-name</folder>
	<filename>26_1_1_20170104235433201.jpg</filename>
	<path>/my-project-name/26_1_1_20170104235433201.jpg</path>
	<source>
		<database>Unspecified</database>
	</source>
	<size>
		<width>386</width>
		<height>525</height>
		<depth>3</depth>
	</size>
	<object>
		<name>face</name>
		<pose>Unspecified</pose>
		<truncated>Unspecified</truncated>
		<difficult>Unspecified</difficult>
		<bndbox>
			<xmin>102</xmin>
			<ymin>147</ymin>
			<xmax>379</xmax>
			<ymax>447</ymax>
		</bndbox>
	</object>
</annotation>