<annotation>
	<folder>my-project-name</folder>
	<filename>26_1_2_20161219204400164.jpg</filename>
	<path>/my-project-name/26_1_2_20161219204400164.jpg</path>
	<source>
		<database>Unspecified</database>
	</source>
	<size>
		<width>450</width>
		<height>300</height>
		<depth>3</depth>
	</size>
	<object>
		<name>face</name>
		<pose>Unspecified</pose>
		<truncated>Unspecified</truncated>
		<difficult>Unspecified</difficult>
		<bndbox>
			<xmin>228</xmin>
			<ymin>30</ymin>
			<xmax>323</xmax>
			<ymax>144</ymax>
		</bndbox>
	</object>
</annotation>