<annotation>
	<folder>my-project-name</folder>
	<filename>26_1_2_20170103184117683.jpg</filename>
	<path>/my-project-name/26_1_2_20170103184117683.jpg</path>
	<source>
		<database>Unspecified</database>
	</source>
	<size>
		<width>362</width>
		<height>481</height>
		<depth>3</depth>
	</size>
	<object>
		<name>face</name>
		<pose>Unspecified</pose>
		<truncated>Unspecified</truncated>
		<difficult>Unspecified</difficult>
		<bndbox>
			<xmin>151</xmin>
			<ymin>99</ymin>
			<xmax>215</xmax>
			<ymax>203</ymax>
		</bndbox>
	</object>
</annotation>