<annotation>
	<folder>my-project-name</folder>
	<filename>26_1_1_20170103181931657.jpg</filename>
	<path>/my-project-name/26_1_1_20170103181931657.jpg</path>
	<source>
		<database>Unspecified</database>
	</source>
	<size>
		<width>424</width>
		<height>423</height>
		<depth>3</depth>
	</size>
	<object>
		<name>face</name>
		<pose>Unspecified</pose>
		<truncated>Unspecified</truncated>
		<difficult>Unspecified</difficult>
		<bndbox>
			<xmin>65</xmin>
			<ymin>55</ymin>
			<xmax>359</xmax>
			<ymax>384</ymax>
		</bndbox>
	</object>
</annotation>