<annotation>
	<folder>my-project-name</folder>
	<filename>26_1_1_20170103181834825.jpg</filename>
	<path>/my-project-name/26_1_1_20170103181834825.jpg</path>
	<source>
		<database>Unspecified</database>
	</source>
	<size>
		<width>378</width>
		<height>537</height>
		<depth>3</depth>
	</size>
	<object>
		<name>face</name>
		<pose>Unspecified</pose>
		<truncated>Unspecified</truncated>
		<difficult>Unspecified</difficult>
		<bndbox>
			<xmin>130</xmin>
			<ymin>142</ymin>
			<xmax>295</xmax>
			<ymax>425</ymax>
		</bndbox>
	</object>
</annotation>