<annotation>
	<folder>my-project-name</folder>
	<filename>27_0_4_20170103235752276.jpg</filename>
	<path>/my-project-name/27_0_4_20170103235752276.jpg</path>
	<source>
		<database>Unspecified</database>
	</source>
	<size>
		<width>488</width>
		<height>417</height>
		<depth>3</depth>
	</size>
	<object>
		<name>face</name>
		<pose>Unspecified</pose>
		<truncated>Unspecified</truncated>
		<difficult>Unspecified</difficult>
		<bndbox>
			<xmin>77</xmin>
			<ymin>22</ymin>
			<xmax>312</xmax>
			<ymax>291</ymax>
		</bndbox>
	</object>
</annotation>