<annotation>
	<folder>my-project-name</folder>
	<filename>27_0_3_20170104220227054.jpg</filename>
	<path>/my-project-name/27_0_3_20170104220227054.jpg</path>
	<source>
		<database>Unspecified</database>
	</source>
	<size>
		<width>398</width>
		<height>331</height>
		<depth>3</depth>
	</size>
	<object>
		<name>face</name>
		<pose>Unspecified</pose>
		<truncated>Unspecified</truncated>
		<difficult>Unspecified</difficult>
		<bndbox>
			<xmin>153</xmin>
			<ymin>45</ymin>
			<xmax>264</xmax>
			<ymax>194</ymax>
		</bndbox>
	</object>
</annotation>