<annotation>
	<folder>my-project-name</folder>
	<filename>27_0_3_20161220221833874.jpg</filename>
	<path>/my-project-name/27_0_3_20161220221833874.jpg</path>
	<source>
		<database>Unspecified</database>
	</source>
	<size>
		<width>392</width>
		<height>519</height>
		<depth>3</depth>
	</size>
	<object>
		<name>face</name>
		<pose>Unspecified</pose>
		<truncated>Unspecified</truncated>
		<difficult>Unspecified</difficult>
		<bndbox>
			<xmin>137</xmin>
			<ymin>104</ymin>
			<xmax>334</xmax>
			<ymax>345</ymax>
		</bndbox>
	</object>
</annotation>