<annotation>
	<folder>my-project-name</folder>
	<filename>27_0_4_20161219194059843.jpg</filename>
	<path>/my-project-name/27_0_4_20161219194059843.jpg</path>
	<source>
		<database>Unspecified</database>
	</source>
	<size>
		<width>407</width>
		<height>300</height>
		<depth>3</depth>
	</size>
	<object>
		<name>face</name>
		<pose>Unspecified</pose>
		<truncated>Unspecified</truncated>
		<difficult>Unspecified</difficult>
		<bndbox>
			<xmin>102</xmin>
			<ymin>78</ymin>
			<xmax>194</xmax>
			<ymax>172</ymax>
		</bndbox>
	</object>
</annotation>