<annotation>
	<folder>my-project-name</folder>
	<filename>27_0_4_20170105163841596.jpg</filename>
	<path>/my-project-name/27_0_4_20170105163841596.jpg</path>
	<source>
		<database>Unspecified</database>
	</source>
	<size>
		<width>390</width>
		<height>521</height>
		<depth>3</depth>
	</size>
	<object>
		<name>face</name>
		<pose>Unspecified</pose>
		<truncated>Unspecified</truncated>
		<difficult>Unspecified</difficult>
		<bndbox>
			<xmin>101</xmin>
			<ymin>144</ymin>
			<xmax>272</xmax>
			<ymax>343</ymax>
		</bndbox>
	</object>
</annotation>