<annotation>
	<folder>my-project-name</folder>
	<filename>27_0_0_20170105164547923.jpg</filename>
	<path>/my-project-name/27_0_0_20170105164547923.jpg</path>
	<source>
		<database>Unspecified</database>
	</source>
	<size>
		<width>412</width>
		<height>493</height>
		<depth>3</depth>
	</size>
	<object>
		<name>face</name>
		<pose>Unspecified</pose>
		<truncated>Unspecified</truncated>
		<difficult>Unspecified</difficult>
		<bndbox>
			<xmin>100</xmin>
			<ymin>69</ymin>
			<xmax>331</xmax>
			<ymax>347</ymax>
		</bndbox>
	</object>
</annotation>