<annotation>
	<folder>my-project-name</folder>
	<filename>27_0_3_20170104214555317.jpg</filename>
	<path>/my-project-name/27_0_3_20170104214555317.jpg</path>
	<source>
		<database>Unspecified</database>
	</source>
	<size>
		<width>230</width>
		<height>345</height>
		<depth>3</depth>
	</size>
	<object>
		<name>face</name>
		<pose>Unspecified</pose>
		<truncated>Unspecified</truncated>
		<difficult>Unspecified</difficult>
		<bndbox>
			<xmin>61</xmin>
			<ymin>50</ymin>
			<xmax>161</xmax>
			<ymax>181</ymax>
		</bndbox>
	</object>
</annotation>