<annotation>
	<folder>my-project-name</folder>
	<filename>27_0_3_20170104230231577.jpg</filename>
	<path>/my-project-name/27_0_3_20170104230231577.jpg</path>
	<source>
		<database>Unspecified</database>
	</source>
	<size>
		<width>412</width>
		<height>491</height>
		<depth>3</depth>
	</size>
	<object>
		<name>face</name>
		<pose>Unspecified</pose>
		<truncated>Unspecified</truncated>
		<difficult>Unspecified</difficult>
		<bndbox>
			<xmin>97</xmin>
			<ymin>144</ymin>
			<xmax>331</xmax>
			<ymax>394</ymax>
		</bndbox>
	</object>
</annotation>