<annotation>
	<folder>my-project-name</folder>
	<filename>27_0_4_20170103235800445.jpg</filename>
	<path>/my-project-name/27_0_4_20170103235800445.jpg</path>
	<source>
		<database>Unspecified</database>
	</source>
	<size>
		<width>378</width>
		<height>537</height>
		<depth>3</depth>
	</size>
	<object>
		<name>face</name>
		<pose>Unspecified</pose>
		<truncated>Unspecified</truncated>
		<difficult>Unspecified</difficult>
		<bndbox>
			<xmin>89</xmin>
			<ymin>73</ymin>
			<xmax>175</xmax>
			<ymax>146</ymax>
		</bndbox>
	</object>
</annotation>