<annotation>
	<folder>my-project-name</folder>
	<filename>27_0_0_20170104171511929.jpg</filename>
	<path>/my-project-name/27_0_0_20170104171511929.jpg</path>
	<source>
		<database>Unspecified</database>
	</source>
	<size>
		<width>298</width>
		<height>401</height>
		<depth>3</depth>
	</size>
	<object>
		<name>face</name>
		<pose>Unspecified</pose>
		<truncated>Unspecified</truncated>
		<difficult>Unspecified</difficult>
		<bndbox>
			<xmin>90</xmin>
			<ymin>85</ymin>
			<xmax>223</xmax>
			<ymax>244</ymax>
		</bndbox>
	</object>
</annotation>