<annotation>
	<folder>my-project-name</folder>
	<filename>27_0_4_20170103235409988.jpg</filename>
	<path>/my-project-name/27_0_4_20170103235409988.jpg</path>
	<source>
		<database>Unspecified</database>
	</source>
	<size>
		<width>436</width>
		<height>467</height>
		<depth>3</depth>
	</size>
	<object>
		<name>face</name>
		<pose>Unspecified</pose>
		<truncated>Unspecified</truncated>
		<difficult>Unspecified</difficult>
		<bndbox>
			<xmin>108</xmin>
			<ymin>54</ymin>
			<xmax>310</xmax>
			<ymax>290</ymax>
		</bndbox>
	</object>
</annotation>