<annotation>
	<folder>my-project-name</folder>
	<filename>27_0_4_20170103234827428.jpg</filename>
	<path>/my-project-name/27_0_4_20170103234827428.jpg</path>
	<source>
		<database>Unspecified</database>
	</source>
	<size>
		<width>404</width>
		<height>503</height>
		<depth>3</depth>
	</size>
	<object>
		<name>face</name>
		<pose>Unspecified</pose>
		<truncated>Unspecified</truncated>
		<difficult>Unspecified</difficult>
		<bndbox>
			<xmin>136</xmin>
			<ymin>93</ymin>
			<xmax>330</xmax>
			<ymax>318</ymax>
		</bndbox>
	</object>
</annotation>