<annotation>
	<folder>my-project-name</folder>
	<filename>27_0_2_20170105163325547.jpg</filename>
	<path>/my-project-name/27_0_2_20170105163325547.jpg</path>
	<source>
		<database>Unspecified</database>
	</source>
	<size>
		<width>276</width>
		<height>387</height>
		<depth>3</depth>
	</size>
	<object>
		<name>face</name>
		<pose>Unspecified</pose>
		<truncated>Unspecified</truncated>
		<difficult>Unspecified</difficult>
		<bndbox>
			<xmin>62</xmin>
			<ymin>84</ymin>
			<xmax>226</xmax>
			<ymax>249</ymax>
		</bndbox>
	</object>
</annotation>