<annotation>
	<folder>my-project-name</folder>
	<filename>27_0_0_20170104170103608.jpg</filename>
	<path>/my-project-name/27_0_0_20170104170103608.jpg</path>
	<source>
		<database>Unspecified</database>
	</source>
	<size>
		<width>284</width>
		<height>349</height>
		<depth>3</depth>
	</size>
	<object>
		<name>face</name>
		<pose>Unspecified</pose>
		<truncated>Unspecified</truncated>
		<difficult>Unspecified</difficult>
		<bndbox>
			<xmin>92</xmin>
			<ymin>87</ymin>
			<xmax>207</xmax>
			<ymax>231</ymax>
		</bndbox>
	</object>
</annotation>