<annotation>
	<folder>my-project-name</folder>
	<filename>27_0_0_20170104193647416.jpg</filename>
	<path>/my-project-name/27_0_0_20170104193647416.jpg</path>
	<source>
		<database>Unspecified</database>
	</source>
	<size>
		<width>372</width>
		<height>547</height>
		<depth>3</depth>
	</size>
	<object>
		<name>face</name>
		<pose>Unspecified</pose>
		<truncated>Unspecified</truncated>
		<difficult>Unspecified</difficult>
		<bndbox>
			<xmin>54</xmin>
			<ymin>138</ymin>
			<xmax>307</xmax>
			<ymax>428</ymax>
		</bndbox>
	</object>
</annotation>