<annotation>
	<folder>my-project-name</folder>
	<filename>27_0_0_20170104231544105.jpg</filename>
	<path>/my-project-name/27_0_0_20170104231544105.jpg</path>
	<source>
		<database>Unspecified</database>
	</source>
	<size>
		<width>482</width>
		<height>361</height>
		<depth>3</depth>
	</size>
	<object>
		<name>face</name>
		<pose>Unspecified</pose>
		<truncated>Unspecified</truncated>
		<difficult>Unspecified</difficult>
		<bndbox>
			<xmin>157</xmin>
			<ymin>91</ymin>
			<xmax>272</xmax>
			<ymax>211</ymax>
		</bndbox>
	</object>
</annotation>