<annotation>
	<folder>my-project-name</folder>
	<filename>27_0_3_20170104200540418.jpg</filename>
	<path>/my-project-name/27_0_3_20170104200540418.jpg</path>
	<source>
		<database>Unspecified</database>
	</source>
	<size>
		<width>452</width>
		<height>451</height>
		<depth>3</depth>
	</size>
	<object>
		<name>face</name>
		<pose>Unspecified</pose>
		<truncated>Unspecified</truncated>
		<difficult>Unspecified</difficult>
		<bndbox>
			<xmin>145</xmin>
			<ymin>109</ymin>
			<xmax>287</xmax>
			<ymax>245</ymax>
		</bndbox>
	</object>
</annotation>