<annotation>
	<folder>my-project-name</folder>
	<filename>27_0_4_20170104002159117.jpg</filename>
	<path>/my-project-name/27_0_4_20170104002159117.jpg</path>
	<source>
		<database>Unspecified</database>
	</source>
	<size>
		<width>368</width>
		<height>551</height>
		<depth>3</depth>
	</size>
	<object>
		<name>face</name>
		<pose>Unspecified</pose>
		<truncated>Unspecified</truncated>
		<difficult>Unspecified</difficult>
		<bndbox>
			<xmin>110</xmin>
			<ymin>83</ymin>
			<xmax>221</xmax>
			<ymax>217</ymax>
		</bndbox>
	</object>
</annotation>