<annotation>
	<folder>my-project-name</folder>
	<filename>27_0_0_20170102233441859.jpg</filename>
	<path>/my-project-name/27_0_0_20170102233441859.jpg</path>
	<source>
		<database>Unspecified</database>
	</source>
	<size>
		<width>302</width>
		<height>497</height>
		<depth>3</depth>
	</size>
	<object>
		<name>face</name>
		<pose>Unspecified</pose>
		<truncated>Unspecified</truncated>
		<difficult>Unspecified</difficult>
		<bndbox>
			<xmin>62</xmin>
			<ymin>88</ymin>
			<xmax>277</xmax>
			<ymax>356</ymax>
		</bndbox>
	</object>
</annotation>