<annotation>
	<folder>my-project-name</folder>
	<filename>27_0_1_20170102233552626.jpg</filename>
	<path>/my-project-name/27_0_1_20170102233552626.jpg</path>
	<source>
		<database>Unspecified</database>
	</source>
	<size>
		<width>302</width>
		<height>437</height>
		<depth>3</depth>
	</size>
	<object>
		<name>face</name>
		<pose>Unspecified</pose>
		<truncated>Unspecified</truncated>
		<difficult>Unspecified</difficult>
		<bndbox>
			<xmin>93</xmin>
			<ymin>108</ymin>
			<xmax>216</xmax>
			<ymax>276</ymax>
		</bndbox>
	</object>
</annotation>