<annotation>
	<folder>my-project-name</folder>
	<filename>27_0_0_20170104194530608.jpg</filename>
	<path>/my-project-name/27_0_0_20170104194530608.jpg</path>
	<source>
		<database>Unspecified</database>
	</source>
	<size>
		<width>390</width>
		<height>519</height>
		<depth>3</depth>
	</size>
	<object>
		<name>face</name>
		<pose>Unspecified</pose>
		<truncated>Unspecified</truncated>
		<difficult>Unspecified</difficult>
		<bndbox>
			<xmin>98</xmin>
			<ymin>136</ymin>
			<xmax>334</xmax>
			<ymax>417</ymax>
		</bndbox>
	</object>
</annotation>