<annotation>
	<folder>my-project-name</folder>
	<filename>27_0_4_20170104011307960.jpg</filename>
	<path>/my-project-name/27_0_4_20170104011307960.jpg</path>
	<source>
		<database>Unspecified</database>
	</source>
	<size>
		<width>202</width>
		<height>201</height>
		<depth>3</depth>
	</size>
	<object>
		<name>face</name>
		<pose>Unspecified</pose>
		<truncated>Unspecified</truncated>
		<difficult>Unspecified</difficult>
		<bndbox>
			<xmin>85</xmin>
			<ymin>41</ymin>
			<xmax>172</xmax>
			<ymax>146</ymax>
		</bndbox>
	</object>
</annotation>