<annotation>
	<folder>my-project-name</folder>
	<filename>27_0_0_20170105175510406.jpg</filename>
	<path>/my-project-name/27_0_0_20170105175510406.jpg</path>
	<source>
		<database>Unspecified</database>
	</source>
	<size>
		<width>576</width>
		<height>321</height>
		<depth>3</depth>
	</size>
	<object>
		<name>face</name>
		<pose>Unspecified</pose>
		<truncated>Unspecified</truncated>
		<difficult>Unspecified</difficult>
		<bndbox>
			<xmin>174</xmin>
			<ymin>23</ymin>
			<xmax>346</xmax>
			<ymax>217</ymax>
		</bndbox>
	</object>
</annotation>