<annotation>
	<folder>my-project-name</folder>
	<filename>27_0_0_20170103181014215.jpg</filename>
	<path>/my-project-name/27_0_0_20170103181014215.jpg</path>
	<source>
		<database>Unspecified</database>
	</source>
	<size>
		<width>624</width>
		<height>325</height>
		<depth>3</depth>
	</size>
	<object>
		<name>face</name>
		<pose>Unspecified</pose>
		<truncated>Unspecified</truncated>
		<difficult>Unspecified</difficult>
		<bndbox>
			<xmin>374</xmin>
			<ymin>23</ymin>
			<xmax>472</xmax>
			<ymax>130</ymax>
		</bndbox>
	</object>
</annotation>