<annotation>
	<folder>my-project-name</folder>
	<filename>27_0_3_20170104230432785.jpg</filename>
	<path>/my-project-name/27_0_3_20170104230432785.jpg</path>
	<source>
		<database>Unspecified</database>
	</source>
	<size>
		<width>402</width>
		<height>505</height>
		<depth>3</depth>
	</size>
	<object>
		<name>face</name>
		<pose>Unspecified</pose>
		<truncated>Unspecified</truncated>
		<difficult>Unspecified</difficult>
		<bndbox>
			<xmin>70</xmin>
			<ymin>66</ymin>
			<xmax>219</xmax>
			<ymax>225</ymax>
		</bndbox>
	</object>
</annotation>