<annotation>
	<folder>my-project-name</folder>
	<filename>27_0_3_20170104230153993.jpg</filename>
	<path>/my-project-name/27_0_3_20170104230153993.jpg</path>
	<source>
		<database>Unspecified</database>
	</source>
	<size>
		<width>520</width>
		<height>389</height>
		<depth>3</depth>
	</size>
	<object>
		<name>face</name>
		<pose>Unspecified</pose>
		<truncated>Unspecified</truncated>
		<difficult>Unspecified</difficult>
		<bndbox>
			<xmin>183</xmin>
			<ymin>41</ymin>
			<xmax>302</xmax>
			<ymax>164</ymax>
		</bndbox>
	</object>
</annotation>