<annotation>
	<folder>my-project-name</folder>
	<filename>27_0_0_20170104201504434.jpg</filename>
	<path>/my-project-name/27_0_0_20170104201504434.jpg</path>
	<source>
		<database>Unspecified</database>
	</source>
	<size>
		<width>248</width>
		<height>191</height>
		<depth>3</depth>
	</size>
	<object>
		<name>face</name>
		<pose>Unspecified</pose>
		<truncated>Unspecified</truncated>
		<difficult>Unspecified</difficult>
		<bndbox>
			<xmin>98</xmin>
			<ymin>35</ymin>
			<xmax>160</xmax>
			<ymax>114</ymax>
		</bndbox>
	</object>
</annotation>