<annotation>
	<folder>my-project-name</folder>
	<filename>27_0_4_20170104194349352.jpg</filename>
	<path>/my-project-name/27_0_4_20170104194349352.jpg</path>
	<source>
		<database>Unspecified</database>
	</source>
	<size>
		<width>452</width>
		<height>451</height>
		<depth>3</depth>
	</size>
	<object>
		<name>face</name>
		<pose>Unspecified</pose>
		<truncated>Unspecified</truncated>
		<difficult>Unspecified</difficult>
		<bndbox>
			<xmin>100</xmin>
			<ymin>138</ymin>
			<xmax>340</xmax>
			<ymax>378</ymax>
		</bndbox>
	</object>
</annotation>