<annotation>
	<folder>my-project-name</folder>
	<filename>27_0_3_20170104230550273.jpg</filename>
	<path>/my-project-name/27_0_3_20170104230550273.jpg</path>
	<source>
		<database>Unspecified</database>
	</source>
	<size>
		<width>368</width>
		<height>551</height>
		<depth>3</depth>
	</size>
	<object>
		<name>face</name>
		<pose>Unspecified</pose>
		<truncated>Unspecified</truncated>
		<difficult>Unspecified</difficult>
		<bndbox>
			<xmin>69</xmin>
			<ymin>100</ymin>
			<xmax>244</xmax>
			<ymax>308</ymax>
		</bndbox>
	</object>
</annotation>