<annotation>
	<folder>my-project-name</folder>
	<filename>27_0_1_20170104181441861.jpg</filename>
	<path>/my-project-name/27_0_1_20170104181441861.jpg</path>
	<source>
		<database>Unspecified</database>
	</source>
	<size>
		<width>422</width>
		<height>481</height>
		<depth>3</depth>
	</size>
	<object>
		<name>face</name>
		<pose>Unspecified</pose>
		<truncated>Unspecified</truncated>
		<difficult>Unspecified</difficult>
		<bndbox>
			<xmin>118</xmin>
			<ymin>62</ymin>
			<xmax>267</xmax>
			<ymax>231</ymax>
		</bndbox>
	</object>
</annotation>