<annotation>
	<folder>my-project-name</folder>
	<filename>27_0_0_20170105164657988.jpg</filename>
	<path>/my-project-name/27_0_0_20170105164657988.jpg</path>
	<source>
		<database>Unspecified</database>
	</source>
	<size>
		<width>414</width>
		<height>413</height>
		<depth>3</depth>
	</size>
	<object>
		<name>face</name>
		<pose>Unspecified</pose>
		<truncated>Unspecified</truncated>
		<difficult>Unspecified</difficult>
		<bndbox>
			<xmin>134</xmin>
			<ymin>89</ymin>
			<xmax>275</xmax>
			<ymax>258</ymax>
		</bndbox>
	</object>
</annotation>