<annotation>
	<folder>my-project-name</folder>
	<filename>27_0_3_20170104214210099.jpg</filename>
	<path>/my-project-name/27_0_3_20170104214210099.jpg</path>
	<source>
		<database>Unspecified</database>
	</source>
	<size>
		<width>216</width>
		<height>329</height>
		<depth>3</depth>
	</size>
	<object>
		<name>face</name>
		<pose>Unspecified</pose>
		<truncated>Unspecified</truncated>
		<difficult>Unspecified</difficult>
		<bndbox>
			<xmin>69</xmin>
			<ymin>59</ymin>
			<xmax>166</xmax>
			<ymax>172</ymax>
		</bndbox>
	</object>
</annotation>