<annotation>
	<folder>my-project-name</folder>
	<filename>27_0_1_20170105164603540.jpg</filename>
	<path>/my-project-name/27_0_1_20170105164603540.jpg</path>
	<source>
		<database>Unspecified</database>
	</source>
	<size>
		<width>362</width>
		<height>535</height>
		<depth>3</depth>
	</size>
	<object>
		<name>face</name>
		<pose>Unspecified</pose>
		<truncated>Unspecified</truncated>
		<difficult>Unspecified</difficult>
		<bndbox>
			<xmin>79</xmin>
			<ymin>125</ymin>
			<xmax>332</xmax>
			<ymax>406</ymax>
		</bndbox>
	</object>
</annotation>