<annotation>
	<folder>my-project-name</folder>
	<filename>27_0_4_20170103235026964.jpg</filename>
	<path>/my-project-name/27_0_4_20170103235026964.jpg</path>
	<source>
		<database>Unspecified</database>
	</source>
	<size>
		<width>562</width>
		<height>361</height>
		<depth>3</depth>
	</size>
	<object>
		<name>face</name>
		<pose>Unspecified</pose>
		<truncated>Unspecified</truncated>
		<difficult>Unspecified</difficult>
		<bndbox>
			<xmin>306</xmin>
			<ymin>85</ymin>
			<xmax>397</xmax>
			<ymax>216</ymax>
		</bndbox>
	</object>
</annotation>