<annotation>
	<folder>my-project-name</folder>
	<filename>27_1_0_20170103223625383.jpg</filename>
	<path>/my-project-name/27_1_0_20170103223625383.jpg</path>
	<source>
		<database>Unspecified</database>
	</source>
	<size>
		<width>254</width>
		<height>365</height>
		<depth>3</depth>
	</size>
	<object>
		<name>face</name>
		<pose>Unspecified</pose>
		<truncated>Unspecified</truncated>
		<difficult>Unspecified</difficult>
		<bndbox>
			<xmin>51</xmin>
			<ymin>72</ymin>
			<xmax>189</xmax>
			<ymax>207</ymax>
		</bndbox>
	</object>
</annotation>