<annotation>
	<folder>my-project-name</folder>
	<filename>27_1_1_20170109212658510.jpg</filename>
	<path>/my-project-name/27_1_1_20170109212658510.jpg</path>
	<source>
		<database>Unspecified</database>
	</source>
	<size>
		<width>970</width>
		<height>1293</height>
		<depth>3</depth>
	</size>
	<object>
		<name>face</name>
		<pose>Unspecified</pose>
		<truncated>Unspecified</truncated>
		<difficult>Unspecified</difficult>
		<bndbox>
			<xmin>330</xmin>
			<ymin>50</ymin>
			<xmax>787</xmax>
			<ymax>619</ymax>
		</bndbox>
	</object>
</annotation>