<annotation>
	<folder>my-project-name</folder>
	<filename>27_1_0_20170103182501706.jpg</filename>
	<path>/my-project-name/27_1_0_20170103182501706.jpg</path>
	<source>
		<database>Unspecified</database>
	</source>
	<size>
		<width>374</width>
		<height>541</height>
		<depth>3</depth>
	</size>
	<object>
		<name>face</name>
		<pose>Unspecified</pose>
		<truncated>Unspecified</truncated>
		<difficult>Unspecified</difficult>
		<bndbox>
			<xmin>60</xmin>
			<ymin>99</ymin>
			<xmax>298</xmax>
			<ymax>369</ymax>
		</bndbox>
	</object>
</annotation>