<annotation>
	<folder>my-project-name</folder>
	<filename>27_1_0_20170103210530706.jpg</filename>
	<path>/my-project-name/27_1_0_20170103210530706.jpg</path>
	<source>
		<database>Unspecified</database>
	</source>
	<size>
		<width>554</width>
		<height>365</height>
		<depth>3</depth>
	</size>
	<object>
		<name>face</name>
		<pose>Unspecified</pose>
		<truncated>Unspecified</truncated>
		<difficult>Unspecified</difficult>
		<bndbox>
			<xmin>226</xmin>
			<ymin>42</ymin>
			<xmax>329</xmax>
			<ymax>153</ymax>
		</bndbox>
	</object>
</annotation>