<annotation>
	<folder>my-project-name</folder>
	<filename>27_1_0_20170109013152498.jpg</filename>
	<path>/my-project-name/27_1_0_20170109013152498.jpg</path>
	<source>
		<database>Unspecified</database>
	</source>
	<size>
		<width>368</width>
		<height>551</height>
		<depth>3</depth>
	</size>
	<object>
		<name>face</name>
		<pose>Unspecified</pose>
		<truncated>Unspecified</truncated>
		<difficult>Unspecified</difficult>
		<bndbox>
			<xmin>123</xmin>
			<ymin>106</ymin>
			<xmax>257</xmax>
			<ymax>248</ymax>
		</bndbox>
	</object>
</annotation>