<annotation>
	<folder>my-project-name</folder>
	<filename>27_1_0_20170103163215342.jpg</filename>
	<path>/my-project-name/27_1_0_20170103163215342.jpg</path>
	<source>
		<database>Unspecified</database>
	</source>
	<size>
		<width>276</width>
		<height>337</height>
		<depth>3</depth>
	</size>
	<object>
		<name>face</name>
		<pose>Unspecified</pose>
		<truncated>Unspecified</truncated>
		<difficult>Unspecified</difficult>
		<bndbox>
			<xmin>74</xmin>
			<ymin>73</ymin>
			<xmax>213</xmax>
			<ymax>246</ymax>
		</bndbox>
	</object>
</annotation>