<annotation>
	<folder>my-project-name</folder>
	<filename>27_1_1_20170109131744869.jpg</filename>
	<path>/my-project-name/27_1_1_20170109131744869.jpg</path>
	<source>
		<database>Unspecified</database>
	</source>
	<size>
		<width>436</width>
		<height>467</height>
		<depth>3</depth>
	</size>
	<object>
		<name>face</name>
		<pose>Unspecified</pose>
		<truncated>Unspecified</truncated>
		<difficult>Unspecified</difficult>
		<bndbox>
			<xmin>97</xmin>
			<ymin>114</ymin>
			<xmax>230</xmax>
			<ymax>252</ymax>
		</bndbox>
	</object>
</annotation>