<annotation>
	<folder>my-project-name</folder>
	<filename>27_1_1_20170103182202481.jpg</filename>
	<path>/my-project-name/27_1_1_20170103182202481.jpg</path>
	<source>
		<database>Unspecified</database>
	</source>
	<size>
		<width>398</width>
		<height>509</height>
		<depth>3</depth>
	</size>
	<object>
		<name>face</name>
		<pose>Unspecified</pose>
		<truncated>Unspecified</truncated>
		<difficult>Unspecified</difficult>
		<bndbox>
			<xmin>92</xmin>
			<ymin>104</ymin>
			<xmax>323</xmax>
			<ymax>308</ymax>
		</bndbox>
	</object>
</annotation>