<annotation>
	<folder>my-project-name</folder>
	<filename>28_0_4_20170109140345949.jpg</filename>
	<path>/my-project-name/28_0_4_20170109140345949.jpg</path>
	<source>
		<database>Unspecified</database>
	</source>
	<size>
		<width>378</width>
		<height>211</height>
		<depth>3</depth>
	</size>
	<object>
		<name>face</name>
		<pose>Unspecified</pose>
		<truncated>Unspecified</truncated>
		<difficult>Unspecified</difficult>
		<bndbox>
			<xmin>184</xmin>
			<ymin>33</ymin>
			<xmax>293</xmax>
			<ymax>127</ymax>
		</bndbox>
	</object>
</annotation>