<annotation>
	<folder>my-project-name</folder>
	<filename>28_0_0_20170105164834828.jpg</filename>
	<path>/my-project-name/28_0_0_20170105164834828.jpg</path>
	<source>
		<database>Unspecified</database>
	</source>
	<size>
		<width>396</width>
		<height>513</height>
		<depth>3</depth>
	</size>
	<object>
		<name>face</name>
		<pose>Unspecified</pose>
		<truncated>Unspecified</truncated>
		<difficult>Unspecified</difficult>
		<bndbox>
			<xmin>81</xmin>
			<ymin>114</ymin>
			<xmax>326</xmax>
			<ymax>449</ymax>
		</bndbox>
	</object>
</annotation>