<annotation>
	<folder>my-project-name</folder>
	<filename>28_0_4_20170105162459467.jpg</filename>
	<path>/my-project-name/28_0_4_20170105162459467.jpg</path>
	<source>
		<database>Unspecified</database>
	</source>
	<size>
		<width>392</width>
		<height>519</height>
		<depth>3</depth>
	</size>
	<object>
		<name>face</name>
		<pose>Unspecified</pose>
		<truncated>Unspecified</truncated>
		<difficult>Unspecified</difficult>
		<bndbox>
			<xmin>72</xmin>
			<ymin>163</ymin>
			<xmax>287</xmax>
			<ymax>403</ymax>
		</bndbox>
	</object>
</annotation>