<annotation>
	<folder>my-project-name</folder>
	<filename>28_0_0_20170105164905292.jpg</filename>
	<path>/my-project-name/28_0_0_20170105164905292.jpg</path>
	<source>
		<database>Unspecified</database>
	</source>
	<size>
		<width>224</width>
		<height>297</height>
		<depth>3</depth>
	</size>
	<object>
		<name>face</name>
		<pose>Unspecified</pose>
		<truncated>Unspecified</truncated>
		<difficult>Unspecified</difficult>
		<bndbox>
			<xmin>39</xmin>
			<ymin>52</ymin>
			<xmax>154</xmax>
			<ymax>178</ymax>
		</bndbox>
	</object>
</annotation>