<annotation>
	<folder>my-project-name</folder>
	<filename>28_0_3_20170104194548120.jpg</filename>
	<path>/my-project-name/28_0_3_20170104194548120.jpg</path>
	<source>
		<database>Unspecified</database>
	</source>
	<size>
		<width>452</width>
		<height>451</height>
		<depth>3</depth>
	</size>
	<object>
		<name>face</name>
		<pose>Unspecified</pose>
		<truncated>Unspecified</truncated>
		<difficult>Unspecified</difficult>
		<bndbox>
			<xmin>125</xmin>
			<ymin>167</ymin>
			<xmax>348</xmax>
			<ymax>395</ymax>
		</bndbox>
	</object>
</annotation>