<annotation>
	<folder>my-project-name</folder>
	<filename>28_0_0_20170105162616443.jpg</filename>
	<path>/my-project-name/28_0_0_20170105162616443.jpg</path>
	<source>
		<database>Unspecified</database>
	</source>
	<size>
		<width>242</width>
		<height>321</height>
		<depth>3</depth>
	</size>
	<object>
		<name>face</name>
		<pose>Unspecified</pose>
		<truncated>Unspecified</truncated>
		<difficult>Unspecified</difficult>
		<bndbox>
			<xmin>44</xmin>
			<ymin>80</ymin>
			<xmax>188</xmax>
			<ymax>237</ymax>
		</bndbox>
	</object>
</annotation>