<annotation>
	<folder>my-project-name</folder>
	<filename>28_0_4_20170105163451675.jpg</filename>
	<path>/my-project-name/28_0_4_20170105163451675.jpg</path>
	<source>
		<database>Unspecified</database>
	</source>
	<size>
		<width>412</width>
		<height>493</height>
		<depth>3</depth>
	</size>
	<object>
		<name>face</name>
		<pose>Unspecified</pose>
		<truncated>Unspecified</truncated>
		<difficult>Unspecified</difficult>
		<bndbox>
			<xmin>130</xmin>
			<ymin>93</ymin>
			<xmax>275</xmax>
			<ymax>286</ymax>
		</bndbox>
	</object>
</annotation>