<annotation>
	<folder>my-project-name</folder>
	<filename>28_0_4_20170104201846426.jpg</filename>
	<path>/my-project-name/28_0_4_20170104201846426.jpg</path>
	<source>
		<database>Unspecified</database>
	</source>
	<size>
		<width>452</width>
		<height>451</height>
		<depth>3</depth>
	</size>
	<object>
		<name>face</name>
		<pose>Unspecified</pose>
		<truncated>Unspecified</truncated>
		<difficult>Unspecified</difficult>
		<bndbox>
			<xmin>93</xmin>
			<ymin>111</ymin>
			<xmax>391</xmax>
			<ymax>415</ymax>
		</bndbox>
	</object>
</annotation>