<annotation>
	<folder>my-project-name</folder>
	<filename>28_0_3_20170104232432992.jpg</filename>
	<path>/my-project-name/28_0_3_20170104232432992.jpg</path>
	<source>
		<database>Unspecified</database>
	</source>
	<size>
		<width>434</width>
		<height>329</height>
		<depth>3</depth>
	</size>
	<object>
		<name>face</name>
		<pose>Unspecified</pose>
		<truncated>Unspecified</truncated>
		<difficult>Unspecified</difficult>
		<bndbox>
			<xmin>110</xmin>
			<ymin>80</ymin>
			<xmax>241</xmax>
			<ymax>256</ymax>
		</bndbox>
	</object>
</annotation>