<annotation>
	<folder>my-project-name</folder>
	<filename>28_0_4_20170103235814852.jpg</filename>
	<path>/my-project-name/28_0_4_20170103235814852.jpg</path>
	<source>
		<database>Unspecified</database>
	</source>
	<size>
		<width>368</width>
		<height>551</height>
		<depth>3</depth>
	</size>
	<object>
		<name>face</name>
		<pose>Unspecified</pose>
		<truncated>Unspecified</truncated>
		<difficult>Unspecified</difficult>
		<bndbox>
			<xmin>108</xmin>
			<ymin>147</ymin>
			<xmax>307</xmax>
			<ymax>363</ymax>
		</bndbox>
	</object>
</annotation>