<annotation>
	<folder>my-project-name</folder>
	<filename>28_0_4_20170103213024052.jpg</filename>
	<path>/my-project-name/28_0_4_20170103213024052.jpg</path>
	<source>
		<database>Unspecified</database>
	</source>
	<size>
		<width>496</width>
		<height>329</height>
		<depth>3</depth>
	</size>
	<object>
		<name>face</name>
		<pose>Unspecified</pose>
		<truncated>Unspecified</truncated>
		<difficult>Unspecified</difficult>
		<bndbox>
			<xmin>241</xmin>
			<ymin>18</ymin>
			<xmax>317</xmax>
			<ymax>117</ymax>
		</bndbox>
	</object>
</annotation>