<annotation>
	<folder>my-project-name</folder>
	<filename>28_0_3_20170104214636285.jpg</filename>
	<path>/my-project-name/28_0_3_20170104214636285.jpg</path>
	<source>
		<database>Unspecified</database>
	</source>
	<size>
		<width>394</width>
		<height>329</height>
		<depth>3</depth>
	</size>
	<object>
		<name>face</name>
		<pose>Unspecified</pose>
		<truncated>Unspecified</truncated>
		<difficult>Unspecified</difficult>
		<bndbox>
			<xmin>165</xmin>
			<ymin>67</ymin>
			<xmax>264</xmax>
			<ymax>175</ymax>
		</bndbox>
	</object>
</annotation>