<annotation>
	<folder>my-project-name</folder>
	<filename>28_0_2_20161219192654931.jpg</filename>
	<path>/my-project-name/28_0_2_20161219192654931.jpg</path>
	<source>
		<database>Unspecified</database>
	</source>
	<size>
		<width>451</width>
		<height>300</height>
		<depth>3</depth>
	</size>
	<object>
		<name>face</name>
		<pose>Unspecified</pose>
		<truncated>Unspecified</truncated>
		<difficult>Unspecified</difficult>
		<bndbox>
			<xmin>156</xmin>
			<ymin>59</ymin>
			<xmax>338</xmax>
			<ymax>243</ymax>
		</bndbox>
	</object>
</annotation>