<annotation>
	<folder>my-project-name</folder>
	<filename>28_0_3_20170105175516710.jpg</filename>
	<path>/my-project-name/28_0_3_20170105175516710.jpg</path>
	<source>
		<database>Unspecified</database>
	</source>
	<size>
		<width>202</width>
		<height>201</height>
		<depth>3</depth>
	</size>
	<object>
		<name>face</name>
		<pose>Unspecified</pose>
		<truncated>Unspecified</truncated>
		<difficult>Unspecified</difficult>
		<bndbox>
			<xmin>41</xmin>
			<ymin>36</ymin>
			<xmax>164</xmax>
			<ymax>178</ymax>
		</bndbox>
	</object>
</annotation>