<annotation>
	<folder>my-project-name</folder>
	<filename>28_0_2_20170107212142294.jpg</filename>
	<path>/my-project-name/28_0_2_20170107212142294.jpg</path>
	<source>
		<database>Unspecified</database>
	</source>
	<size>
		<width>322</width>
		<height>357</height>
		<depth>3</depth>
	</size>
	<object>
		<name>face</name>
		<pose>Unspecified</pose>
		<truncated>Unspecified</truncated>
		<difficult>Unspecified</difficult>
		<bndbox>
			<xmin>74</xmin>
			<ymin>77</ymin>
			<xmax>241</xmax>
			<ymax>261</ymax>
		</bndbox>
	</object>
</annotation>