<annotation>
	<folder>my-project-name</folder>
	<filename>28_0_0_20170109141837163.jpg</filename>
	<path>/my-project-name/28_0_0_20170109141837163.jpg</path>
	<source>
		<database>Unspecified</database>
	</source>
	<size>
		<width>482</width>
		<height>289</height>
		<depth>3</depth>
	</size>
	<object>
		<name>face</name>
		<pose>Unspecified</pose>
		<truncated>Unspecified</truncated>
		<difficult>Unspecified</difficult>
		<bndbox>
			<xmin>146</xmin>
			<ymin>71</ymin>
			<xmax>299</xmax>
			<ymax>246</ymax>
		</bndbox>
	</object>
</annotation>