<annotation>
	<folder>my-project-name</folder>
	<filename>28_0_3_20170104220242582.jpg</filename>
	<path>/my-project-name/28_0_3_20170104220242582.jpg</path>
	<source>
		<database>Unspecified</database>
	</source>
	<size>
		<width>394</width>
		<height>371</height>
		<depth>3</depth>
	</size>
	<object>
		<name>face</name>
		<pose>Unspecified</pose>
		<truncated>Unspecified</truncated>
		<difficult>Unspecified</difficult>
		<bndbox>
			<xmin>121</xmin>
			<ymin>74</ymin>
			<xmax>272</xmax>
			<ymax>229</ymax>
		</bndbox>
	</object>
</annotation>