<annotation>
	<folder>my-project-name</folder>
	<filename>28_0_1_20170103225933161.jpg</filename>
	<path>/my-project-name/28_0_1_20170103225933161.jpg</path>
	<source>
		<database>Unspecified</database>
	</source>
	<size>
		<width>340</width>
		<height>329</height>
		<depth>3</depth>
	</size>
	<object>
		<name>face</name>
		<pose>Unspecified</pose>
		<truncated>Unspecified</truncated>
		<difficult>Unspecified</difficult>
		<bndbox>
			<xmin>73</xmin>
			<ymin>70</ymin>
			<xmax>248</xmax>
			<ymax>251</ymax>
		</bndbox>
	</object>
</annotation>