<annotation>
	<folder>my-project-name</folder>
	<filename>28_0_4_20170105183852672.jpg</filename>
	<path>/my-project-name/28_0_4_20170105183852672.jpg</path>
	<source>
		<database>Unspecified</database>
	</source>
	<size>
		<width>390</width>
		<height>519</height>
		<depth>3</depth>
	</size>
	<object>
		<name>face</name>
		<pose>Unspecified</pose>
		<truncated>Unspecified</truncated>
		<difficult>Unspecified</difficult>
		<bndbox>
			<xmin>50</xmin>
			<ymin>102</ymin>
			<xmax>276</xmax>
			<ymax>365</ymax>
		</bndbox>
	</object>
</annotation>