<annotation>
	<folder>my-project-name</folder>
	<filename>28_0_3_20170104215712759.jpg</filename>
	<path>/my-project-name/28_0_3_20170104215712759.jpg</path>
	<source>
		<database>Unspecified</database>
	</source>
	<size>
		<width>238</width>
		<height>329</height>
		<depth>3</depth>
	</size>
	<object>
		<name>face</name>
		<pose>Unspecified</pose>
		<truncated>Unspecified</truncated>
		<difficult>Unspecified</difficult>
		<bndbox>
			<xmin>76</xmin>
			<ymin>77</ymin>
			<xmax>186</xmax>
			<ymax>208</ymax>
		</bndbox>
	</object>
</annotation>