<annotation>
	<folder>my-project-name</folder>
	<filename>28_0_1_20170109012501213.jpg</filename>
	<path>/my-project-name/28_0_1_20170109012501213.jpg</path>
	<source>
		<database>Unspecified</database>
	</source>
	<size>
		<width>516</width>
		<height>393</height>
		<depth>3</depth>
	</size>
	<object>
		<name>face</name>
		<pose>Unspecified</pose>
		<truncated>Unspecified</truncated>
		<difficult>Unspecified</difficult>
		<bndbox>
			<xmin>236</xmin>
			<ymin>79</ymin>
			<xmax>410</xmax>
			<ymax>245</ymax>
		</bndbox>
	</object>
</annotation>