<annotation>
	<folder>my-project-name</folder>
	<filename>28_0_3_20170104230628769.jpg</filename>
	<path>/my-project-name/28_0_3_20170104230628769.jpg</path>
	<source>
		<database>Unspecified</database>
	</source>
	<size>
		<width>570</width>
		<height>355</height>
		<depth>3</depth>
	</size>
	<object>
		<name>face</name>
		<pose>Unspecified</pose>
		<truncated>Unspecified</truncated>
		<difficult>Unspecified</difficult>
		<bndbox>
			<xmin>135</xmin>
			<ymin>104</ymin>
			<xmax>347</xmax>
			<ymax>326</ymax>
		</bndbox>
	</object>
</annotation>