<annotation>
	<folder>my-project-name</folder>
	<filename>28_0_3_20170104232323178.jpg</filename>
	<path>/my-project-name/28_0_3_20170104232323178.jpg</path>
	<source>
		<database>Unspecified</database>
	</source>
	<size>
		<width>482</width>
		<height>361</height>
		<depth>3</depth>
	</size>
	<object>
		<name>face</name>
		<pose>Unspecified</pose>
		<truncated>Unspecified</truncated>
		<difficult>Unspecified</difficult>
		<bndbox>
			<xmin>272</xmin>
			<ymin>50</ymin>
			<xmax>386</xmax>
			<ymax>155</ymax>
		</bndbox>
	</object>
</annotation>