<annotation>
	<folder>my-project-name</folder>
	<filename>28_0_2_20170104022635829.jpg</filename>
	<path>/my-project-name/28_0_2_20170104022635829.jpg</path>
	<source>
		<database>Unspecified</database>
	</source>
	<size>
		<width>602</width>
		<height>451</height>
		<depth>3</depth>
	</size>
	<object>
		<name>face</name>
		<pose>Unspecified</pose>
		<truncated>Unspecified</truncated>
		<difficult>Unspecified</difficult>
		<bndbox>
			<xmin>237</xmin>
			<ymin>145</ymin>
			<xmax>323</xmax>
			<ymax>241</ymax>
		</bndbox>
	</object>
</annotation>