<annotation>
	<folder>my-project-name</folder>
	<filename>28_0_4_20170103235312020.jpg</filename>
	<path>/my-project-name/28_0_4_20170103235312020.jpg</path>
	<source>
		<database>Unspecified</database>
	</source>
	<size>
		<width>390</width>
		<height>519</height>
		<depth>3</depth>
	</size>
	<object>
		<name>face</name>
		<pose>Unspecified</pose>
		<truncated>Unspecified</truncated>
		<difficult>Unspecified</difficult>
		<bndbox>
			<xmin>70</xmin>
			<ymin>93</ymin>
			<xmax>291</xmax>
			<ymax>330</ymax>
		</bndbox>
	</object>
</annotation>