<annotation>
	<folder>my-project-name</folder>
	<filename>28_0_2_20170104021218340.jpg</filename>
	<path>/my-project-name/28_0_2_20170104021218340.jpg</path>
	<source>
		<database>Unspecified</database>
	</source>
	<size>
		<width>488</width>
		<height>601</height>
		<depth>3</depth>
	</size>
	<object>
		<name>face</name>
		<pose>Unspecified</pose>
		<truncated>Unspecified</truncated>
		<difficult>Unspecified</difficult>
		<bndbox>
			<xmin>90</xmin>
			<ymin>188</ymin>
			<xmax>387</xmax>
			<ymax>467</ymax>
		</bndbox>
	</object>
</annotation>