<annotation>
	<folder>my-project-name</folder>
	<filename>28_0_4_20170103235229669.jpg</filename>
	<path>/my-project-name/28_0_4_20170103235229669.jpg</path>
	<source>
		<database>Unspecified</database>
	</source>
	<size>
		<width>396</width>
		<height>513</height>
		<depth>3</depth>
	</size>
	<object>
		<name>face</name>
		<pose>Unspecified</pose>
		<truncated>Unspecified</truncated>
		<difficult>Unspecified</difficult>
		<bndbox>
			<xmin>106</xmin>
			<ymin>77</ymin>
			<xmax>245</xmax>
			<ymax>248</ymax>
		</bndbox>
	</object>
</annotation>