<annotation>
	<folder>my-project-name</folder>
	<filename>28_0_4_20170103235827230.jpg</filename>
	<path>/my-project-name/28_0_4_20170103235827230.jpg</path>
	<source>
		<database>Unspecified</database>
	</source>
	<size>
		<width>376</width>
		<height>539</height>
		<depth>3</depth>
	</size>
	<object>
		<name>face</name>
		<pose>Unspecified</pose>
		<truncated>Unspecified</truncated>
		<difficult>Unspecified</difficult>
		<bndbox>
			<xmin>147</xmin>
			<ymin>37</ymin>
			<xmax>251</xmax>
			<ymax>185</ymax>
		</bndbox>
	</object>
</annotation>