<annotation>
	<folder>my-project-name</folder>
	<filename>28_0_0_20170108225116577.jpg</filename>
	<path>/my-project-name/28_0_0_20170108225116577.jpg</path>
	<source>
		<database>Unspecified</database>
	</source>
	<size>
		<width>322</width>
		<height>401</height>
		<depth>3</depth>
	</size>
	<object>
		<name>face</name>
		<pose>Unspecified</pose>
		<truncated>Unspecified</truncated>
		<difficult>Unspecified</difficult>
		<bndbox>
			<xmin>106</xmin>
			<ymin>69</ymin>
			<xmax>222</xmax>
			<ymax>190</ymax>
		</bndbox>
	</object>
</annotation>