<annotation>
	<folder>my-project-name</folder>
	<filename>28_0_4_20170103184156947.jpg</filename>
	<path>/my-project-name/28_0_4_20170103184156947.jpg</path>
	<source>
		<database>Unspecified</database>
	</source>
	<size>
		<width>374</width>
		<height>543</height>
		<depth>3</depth>
	</size>
	<object>
		<name>face</name>
		<pose>Unspecified</pose>
		<truncated>Unspecified</truncated>
		<difficult>Unspecified</difficult>
		<bndbox>
			<xmin>169</xmin>
			<ymin>61</ymin>
			<xmax>226</xmax>
			<ymax>154</ymax>
		</bndbox>
	</object>
</annotation>