<annotation>
	<folder>my-project-name</folder>
	<filename>28_0_3_20170104215616229.jpg</filename>
	<path>/my-project-name/28_0_3_20170104215616229.jpg</path>
	<source>
		<database>Unspecified</database>
	</source>
	<size>
		<width>250</width>
		<height>311</height>
		<depth>3</depth>
	</size>
	<object>
		<name>face</name>
		<pose>Unspecified</pose>
		<truncated>Unspecified</truncated>
		<difficult>Unspecified</difficult>
		<bndbox>
			<xmin>56</xmin>
			<ymin>71</ymin>
			<xmax>182</xmax>
			<ymax>213</ymax>
		</bndbox>
	</object>
</annotation>