<annotation>
	<folder>my-project-name</folder>
	<filename>28_0_4_20170109002923202.jpg</filename>
	<path>/my-project-name/28_0_4_20170109002923202.jpg</path>
	<source>
		<database>Unspecified</database>
	</source>
	<size>
		<width>452</width>
		<height>451</height>
		<depth>3</depth>
	</size>
	<object>
		<name>face</name>
		<pose>Unspecified</pose>
		<truncated>Unspecified</truncated>
		<difficult>Unspecified</difficult>
		<bndbox>
			<xmin>112</xmin>
			<ymin>127</ymin>
			<xmax>339</xmax>
			<ymax>385</ymax>
		</bndbox>
	</object>
</annotation>