<annotation>
	<folder>my-project-name</folder>
	<filename>28_0_3_20170109002910810.jpg</filename>
	<path>/my-project-name/28_0_3_20170109002910810.jpg</path>
	<source>
		<database>Unspecified</database>
	</source>
	<size>
		<width>586</width>
		<height>347</height>
		<depth>3</depth>
	</size>
	<object>
		<name>face</name>
		<pose>Unspecified</pose>
		<truncated>Unspecified</truncated>
		<difficult>Unspecified</difficult>
		<bndbox>
			<xmin>165</xmin>
			<ymin>63</ymin>
			<xmax>385</xmax>
			<ymax>282</ymax>
		</bndbox>
	</object>
</annotation>