<annotation>
	<folder>my-project-name</folder>
	<filename>28_0_4_20170109002937845.jpg</filename>
	<path>/my-project-name/28_0_4_20170109002937845.jpg</path>
	<source>
		<database>Unspecified</database>
	</source>
	<size>
		<width>552</width>
		<height>367</height>
		<depth>3</depth>
	</size>
	<object>
		<name>face</name>
		<pose>Unspecified</pose>
		<truncated>Unspecified</truncated>
		<difficult>Unspecified</difficult>
		<bndbox>
			<xmin>117</xmin>
			<ymin>69</ymin>
			<xmax>343</xmax>
			<ymax>306</ymax>
		</bndbox>
	</object>
</annotation>