<annotation>
	<folder>my-project-name</folder>
	<filename>28_1_0_20170103181722585.jpg</filename>
	<path>/my-project-name/28_1_0_20170103181722585.jpg</path>
	<source>
		<database>Unspecified</database>
	</source>
	<size>
		<width>394</width>
		<height>515</height>
		<depth>3</depth>
	</size>
	<object>
		<name>face</name>
		<pose>Unspecified</pose>
		<truncated>Unspecified</truncated>
		<difficult>Unspecified</difficult>
		<bndbox>
			<xmin>88</xmin>
			<ymin>58</ymin>
			<xmax>266</xmax>
			<ymax>257</ymax>
		</bndbox>
	</object>
</annotation>