<annotation>
	<folder>my-project-name</folder>
	<filename>28_1_0_20170103181241664.jpg</filename>
	<path>/my-project-name/28_1_0_20170103181241664.jpg</path>
	<source>
		<database>Unspecified</database>
	</source>
	<size>
		<width>436</width>
		<height>465</height>
		<depth>3</depth>
	</size>
	<object>
		<name>face</name>
		<pose>Unspecified</pose>
		<truncated>Unspecified</truncated>
		<difficult>Unspecified</difficult>
		<bndbox>
			<xmin>201</xmin>
			<ymin>63</ymin>
			<xmax>306</xmax>
			<ymax>179</ymax>
		</bndbox>
	</object>
</annotation>