<annotation>
	<folder>my-project-name</folder>
	<filename>28_1_0_20170103181535329.jpg</filename>
	<path>/my-project-name/28_1_0_20170103181535329.jpg</path>
	<source>
		<database>Unspecified</database>
	</source>
	<size>
		<width>368</width>
		<height>551</height>
		<depth>3</depth>
	</size>
	<object>
		<name>face</name>
		<pose>Unspecified</pose>
		<truncated>Unspecified</truncated>
		<difficult>Unspecified</difficult>
		<bndbox>
			<xmin>59</xmin>
			<ymin>104</ymin>
			<xmax>242</xmax>
			<ymax>284</ymax>
		</bndbox>
	</object>
</annotation>