<annotation>
	<folder>my-project-name</folder>
	<filename>28_1_0_20170103180926608.jpg</filename>
	<path>/my-project-name/28_1_0_20170103180926608.jpg</path>
	<source>
		<database>Unspecified</database>
	</source>
	<size>
		<width>450</width>
		<height>449</height>
		<depth>3</depth>
	</size>
	<object>
		<name>face</name>
		<pose>Unspecified</pose>
		<truncated>Unspecified</truncated>
		<difficult>Unspecified</difficult>
		<bndbox>
			<xmin>72</xmin>
			<ymin>103</ymin>
			<xmax>303</xmax>
			<ymax>299</ymax>
		</bndbox>
	</object>
</annotation>