<annotation>
	<folder>my-project-name</folder>
	<filename>28_1_0_20170103180500095.jpg</filename>
	<path>/my-project-name/28_1_0_20170103180500095.jpg</path>
	<source>
		<database>Unspecified</database>
	</source>
	<size>
		<width>384</width>
		<height>529</height>
		<depth>3</depth>
	</size>
	<object>
		<name>face</name>
		<pose>Unspecified</pose>
		<truncated>Unspecified</truncated>
		<difficult>Unspecified</difficult>
		<bndbox>
			<xmin>14</xmin>
			<ymin>123</ymin>
			<xmax>290</xmax>
			<ymax>458</ymax>
		</bndbox>
	</object>
</annotation>