<annotation>
	<folder>my-project-name</folder>
	<filename>29_0_4_20170103235032708.jpg</filename>
	<path>/my-project-name/29_0_4_20170103235032708.jpg</path>
	<source>
		<database>Unspecified</database>
	</source>
	<size>
		<width>374</width>
		<height>541</height>
		<depth>3</depth>
	</size>
	<object>
		<name>face</name>
		<pose>Unspecified</pose>
		<truncated>Unspecified</truncated>
		<difficult>Unspecified</difficult>
		<bndbox>
			<xmin>123</xmin>
			<ymin>90</ymin>
			<xmax>256</xmax>
			<ymax>290</ymax>
		</bndbox>
	</object>
</annotation>