<annotation>
	<folder>my-project-name</folder>
	<filename>29_0_2_20170105163533012.jpg</filename>
	<path>/my-project-name/29_0_2_20170105163533012.jpg</path>
	<source>
		<database>Unspecified</database>
	</source>
	<size>
		<width>338</width>
		<height>377</height>
		<depth>3</depth>
	</size>
	<object>
		<name>face</name>
		<pose>Unspecified</pose>
		<truncated>Unspecified</truncated>
		<difficult>Unspecified</difficult>
		<bndbox>
			<xmin>67</xmin>
			<ymin>81</ymin>
			<xmax>236</xmax>
			<ymax>268</ymax>
		</bndbox>
	</object>
</annotation>