<annotation>
	<folder>my-project-name</folder>
	<filename>29_0_0_20170104201127146.jpg</filename>
	<path>/my-project-name/29_0_0_20170104201127146.jpg</path>
	<source>
		<database>Unspecified</database>
	</source>
	<size>
		<width>436</width>
		<height>435</height>
		<depth>3</depth>
	</size>
	<object>
		<name>face</name>
		<pose>Unspecified</pose>
		<truncated>Unspecified</truncated>
		<difficult>Unspecified</difficult>
		<bndbox>
			<xmin>119</xmin>
			<ymin>111</ymin>
			<xmax>315</xmax>
			<ymax>345</ymax>
		</bndbox>
	</object>
</annotation>