<annotation>
	<folder>my-project-name</folder>
	<filename>29_0_0_20170105164610203.jpg</filename>
	<path>/my-project-name/29_0_0_20170105164610203.jpg</path>
	<source>
		<database>Unspecified</database>
	</source>
	<size>
		<width>404</width>
		<height>503</height>
		<depth>3</depth>
	</size>
	<object>
		<name>face</name>
		<pose>Unspecified</pose>
		<truncated>Unspecified</truncated>
		<difficult>Unspecified</difficult>
		<bndbox>
			<xmin>141</xmin>
			<ymin>128</ymin>
			<xmax>305</xmax>
			<ymax>308</ymax>
		</bndbox>
	</object>
</annotation>