<annotation>
	<folder>my-project-name</folder>
	<filename>29_0_0_20170109013328101.jpg</filename>
	<path>/my-project-name/29_0_0_20170109013328101.jpg</path>
	<source>
		<database>Unspecified</database>
	</source>
	<size>
		<width>322</width>
		<height>321</height>
		<depth>3</depth>
	</size>
	<object>
		<name>face</name>
		<pose>Unspecified</pose>
		<truncated>Unspecified</truncated>
		<difficult>Unspecified</difficult>
		<bndbox>
			<xmin>98</xmin>
			<ymin>71</ymin>
			<xmax>189</xmax>
			<ymax>191</ymax>
		</bndbox>
	</object>
</annotation>