<annotation>
	<folder>my-project-name</folder>
	<filename>29_0_0_20170104192430041.jpg</filename>
	<path>/my-project-name/29_0_0_20170104192430041.jpg</path>
	<source>
		<database>Unspecified</database>
	</source>
	<size>
		<width>242</width>
		<height>377</height>
		<depth>3</depth>
	</size>
	<object>
		<name>face</name>
		<pose>Unspecified</pose>
		<truncated>Unspecified</truncated>
		<difficult>Unspecified</difficult>
		<bndbox>
			<xmin>37</xmin>
			<ymin>89</ymin>
			<xmax>221</xmax>
			<ymax>298</ymax>
		</bndbox>
	</object>
</annotation>