<annotation>
	<folder>my-project-name</folder>
	<filename>29_0_0_20170104184656046.jpg</filename>
	<path>/my-project-name/29_0_0_20170104184656046.jpg</path>
	<source>
		<database>Unspecified</database>
	</source>
	<size>
		<width>422</width>
		<height>481</height>
		<depth>3</depth>
	</size>
	<object>
		<name>face</name>
		<pose>Unspecified</pose>
		<truncated>Unspecified</truncated>
		<difficult>Unspecified</difficult>
		<bndbox>
			<xmin>179</xmin>
			<ymin>88</ymin>
			<xmax>294</xmax>
			<ymax>201</ymax>
		</bndbox>
	</object>
</annotation>