<annotation>
	<folder>my-project-name</folder>
	<filename>29_0_4_20170103235130284.jpg</filename>
	<path>/my-project-name/29_0_4_20170103235130284.jpg</path>
	<source>
		<database>Unspecified</database>
	</source>
	<size>
		<width>398</width>
		<height>511</height>
		<depth>3</depth>
	</size>
	<object>
		<name>face</name>
		<pose>Unspecified</pose>
		<truncated>Unspecified</truncated>
		<difficult>Unspecified</difficult>
		<bndbox>
			<xmin>91</xmin>
			<ymin>69</ymin>
			<xmax>302</xmax>
			<ymax>313</ymax>
		</bndbox>
	</object>
</annotation>