<annotation>
	<folder>my-project-name</folder>
	<filename>29_0_1_20170108235740510.jpg</filename>
	<path>/my-project-name/29_0_1_20170108235740510.jpg</path>
	<source>
		<database>Unspecified</database>
	</source>
	<size>
		<width>262</width>
		<height>393</height>
		<depth>3</depth>
	</size>
	<object>
		<name>face</name>
		<pose>Unspecified</pose>
		<truncated>Unspecified</truncated>
		<difficult>Unspecified</difficult>
		<bndbox>
			<xmin>106</xmin>
			<ymin>56</ymin>
			<xmax>176</xmax>
			<ymax>169</ymax>
		</bndbox>
	</object>
</annotation>