<annotation>
	<folder>my-project-name</folder>
	<filename>29_0_0_20170104230319649.jpg</filename>
	<path>/my-project-name/29_0_0_20170104230319649.jpg</path>
	<source>
		<database>Unspecified</database>
	</source>
	<size>
		<width>378</width>
		<height>529</height>
		<depth>3</depth>
	</size>
	<object>
		<name>face</name>
		<pose>Unspecified</pose>
		<truncated>Unspecified</truncated>
		<difficult>Unspecified</difficult>
		<bndbox>
			<xmin>78</xmin>
			<ymin>75</ymin>
			<xmax>246</xmax>
			<ymax>220</ymax>
		</bndbox>
	</object>
</annotation>