<annotation>
	<folder>my-project-name</folder>
	<filename>29_0_4_20170103235921692.jpg</filename>
	<path>/my-project-name/29_0_4_20170103235921692.jpg</path>
	<source>
		<database>Unspecified</database>
	</source>
	<size>
		<width>390</width>
		<height>519</height>
		<depth>3</depth>
	</size>
	<object>
		<name>face</name>
		<pose>Unspecified</pose>
		<truncated>Unspecified</truncated>
		<difficult>Unspecified</difficult>
		<bndbox>
			<xmin>123</xmin>
			<ymin>85</ymin>
			<xmax>310</xmax>
			<ymax>340</ymax>
		</bndbox>
	</object>
</annotation>