<annotation>
	<folder>my-project-name</folder>
	<filename>29_0_3_20170104220737116.jpg</filename>
	<path>/my-project-name/29_0_3_20170104220737116.jpg</path>
	<source>
		<database>Unspecified</database>
	</source>
	<size>
		<width>262</width>
		<height>349</height>
		<depth>3</depth>
	</size>
	<object>
		<name>face</name>
		<pose>Unspecified</pose>
		<truncated>Unspecified</truncated>
		<difficult>Unspecified</difficult>
		<bndbox>
			<xmin>74</xmin>
			<ymin>47</ymin>
			<xmax>173</xmax>
			<ymax>157</ymax>
		</bndbox>
	</object>
</annotation>