<annotation>
	<folder>my-project-name</folder>
	<filename>29_0_0_20170107212101093.jpg</filename>
	<path>/my-project-name/29_0_0_20170107212101093.jpg</path>
	<source>
		<database>Unspecified</database>
	</source>
	<size>
		<width>236</width>
		<height>335</height>
		<depth>3</depth>
	</size>
	<object>
		<name>face</name>
		<pose>Unspecified</pose>
		<truncated>Unspecified</truncated>
		<difficult>Unspecified</difficult>
		<bndbox>
			<xmin>15</xmin>
			<ymin>85</ymin>
			<xmax>175</xmax>
			<ymax>278</ymax>
		</bndbox>
	</object>
</annotation>