<annotation>
	<folder>my-project-name</folder>
	<filename>29_0_4_20170103234728788.jpg</filename>
	<path>/my-project-name/29_0_4_20170103234728788.jpg</path>
	<source>
		<database>Unspecified</database>
	</source>
	<size>
		<width>386</width>
		<height>525</height>
		<depth>3</depth>
	</size>
	<object>
		<name>face</name>
		<pose>Unspecified</pose>
		<truncated>Unspecified</truncated>
		<difficult>Unspecified</difficult>
		<bndbox>
			<xmin>113</xmin>
			<ymin>135</ymin>
			<xmax>299</xmax>
			<ymax>346</ymax>
		</bndbox>
	</object>
</annotation>