<annotation>
	<folder>my-project-name</folder>
	<filename>29_0_4_20170104200625561.jpg</filename>
	<path>/my-project-name/29_0_4_20170104200625561.jpg</path>
	<source>
		<database>Unspecified</database>
	</source>
	<size>
		<width>418</width>
		<height>487</height>
		<depth>3</depth>
	</size>
	<object>
		<name>face</name>
		<pose>Unspecified</pose>
		<truncated>Unspecified</truncated>
		<difficult>Unspecified</difficult>
		<bndbox>
			<xmin>120</xmin>
			<ymin>91</ymin>
			<xmax>309</xmax>
			<ymax>330</ymax>
		</bndbox>
	</object>
</annotation>