<annotation>
	<folder>my-project-name</folder>
	<filename>29_0_0_20170104202110730.jpg</filename>
	<path>/my-project-name/29_0_0_20170104202110730.jpg</path>
	<source>
		<database>Unspecified</database>
	</source>
	<size>
		<width>506</width>
		<height>401</height>
		<depth>3</depth>
	</size>
	<object>
		<name>face</name>
		<pose>Unspecified</pose>
		<truncated>Unspecified</truncated>
		<difficult>Unspecified</difficult>
		<bndbox>
			<xmin>103</xmin>
			<ymin>72</ymin>
			<xmax>390</xmax>
			<ymax>363</ymax>
		</bndbox>
	</object>
</annotation>