<annotation>
	<folder>my-project-name</folder>
	<filename>29_0_0_20170104202211753.jpg</filename>
	<path>/my-project-name/29_0_0_20170104202211753.jpg</path>
	<source>
		<database>Unspecified</database>
	</source>
	<size>
		<width>434</width>
		<height>433</height>
		<depth>3</depth>
	</size>
	<object>
		<name>face</name>
		<pose>Unspecified</pose>
		<truncated>Unspecified</truncated>
		<difficult>Unspecified</difficult>
		<bndbox>
			<xmin>135</xmin>
			<ymin>81</ymin>
			<xmax>301</xmax>
			<ymax>297</ymax>
		</bndbox>
	</object>
</annotation>