<annotation>
	<folder>my-project-name</folder>
	<filename>29_0_1_20170104220317630.jpg</filename>
	<path>/my-project-name/29_0_1_20170104220317630.jpg</path>
	<source>
		<database>Unspecified</database>
	</source>
	<size>
		<width>364</width>
		<height>329</height>
		<depth>3</depth>
	</size>
	<object>
		<name>face</name>
		<pose>Unspecified</pose>
		<truncated>Unspecified</truncated>
		<difficult>Unspecified</difficult>
		<bndbox>
			<xmin>131</xmin>
			<ymin>92</ymin>
			<xmax>255</xmax>
			<ymax>216</ymax>
		</bndbox>
	</object>
</annotation>