<annotation>
	<folder>my-project-name</folder>
	<filename>29_0_0_20170104205704132.jpg</filename>
	<path>/my-project-name/29_0_0_20170104205704132.jpg</path>
	<source>
		<database>Unspecified</database>
	</source>
	<size>
		<width>242</width>
		<height>337</height>
		<depth>3</depth>
	</size>
	<object>
		<name>face</name>
		<pose>Unspecified</pose>
		<truncated>Unspecified</truncated>
		<difficult>Unspecified</difficult>
		<bndbox>
			<xmin>42</xmin>
			<ymin>79</ymin>
			<xmax>204</xmax>
			<ymax>237</ymax>
		</bndbox>
	</object>
</annotation>