<annotation>
	<folder>my-project-name</folder>
	<filename>29_0_1_20170104172519610.jpg</filename>
	<path>/my-project-name/29_0_1_20170104172519610.jpg</path>
	<source>
		<database>Unspecified</database>
	</source>
	<size>
		<width>382</width>
		<height>533</height>
		<depth>3</depth>
	</size>
	<object>
		<name>face</name>
		<pose>Unspecified</pose>
		<truncated>Unspecified</truncated>
		<difficult>Unspecified</difficult>
		<bndbox>
			<xmin>111</xmin>
			<ymin>106</ymin>
			<xmax>276</xmax>
			<ymax>317</ymax>
		</bndbox>
	</object>
</annotation>