<annotation>
	<folder>my-project-name</folder>
	<filename>29_0_3_20170104230635409.jpg</filename>
	<path>/my-project-name/29_0_3_20170104230635409.jpg</path>
	<source>
		<database>Unspecified</database>
	</source>
	<size>
		<width>520</width>
		<height>389</height>
		<depth>3</depth>
	</size>
	<object>
		<name>face</name>
		<pose>Unspecified</pose>
		<truncated>Unspecified</truncated>
		<difficult>Unspecified</difficult>
		<bndbox>
			<xmin>196</xmin>
			<ymin>18</ymin>
			<xmax>359</xmax>
			<ymax>235</ymax>
		</bndbox>
	</object>
</annotation>