<annotation>
	<folder>my-project-name</folder>
	<filename>29_0_0_20170104170538793.jpg</filename>
	<path>/my-project-name/29_0_0_20170104170538793.jpg</path>
	<source>
		<database>Unspecified</database>
	</source>
	<size>
		<width>322</width>
		<height>567</height>
		<depth>3</depth>
	</size>
	<object>
		<name>face</name>
		<pose>Unspecified</pose>
		<truncated>Unspecified</truncated>
		<difficult>Unspecified</difficult>
		<bndbox>
			<xmin>33</xmin>
			<ymin>88</ymin>
			<xmax>178</xmax>
			<ymax>258</ymax>
		</bndbox>
	</object>
</annotation>