<annotation>
	<folder>my-project-name</folder>
	<filename>29_0_0_20170105163720435.jpg</filename>
	<path>/my-project-name/29_0_0_20170105163720435.jpg</path>
	<source>
		<database>Unspecified</database>
	</source>
	<size>
		<width>384</width>
		<height>527</height>
		<depth>3</depth>
	</size>
	<object>
		<name>face</name>
		<pose>Unspecified</pose>
		<truncated>Unspecified</truncated>
		<difficult>Unspecified</difficult>
		<bndbox>
			<xmin>74</xmin>
			<ymin>86</ymin>
			<xmax>219</xmax>
			<ymax>275</ymax>
		</bndbox>
	</object>
</annotation>