<annotation>
	<folder>my-project-name</folder>
	<filename>29_0_0_20170104170512993.jpg</filename>
	<path>/my-project-name/29_0_0_20170104170512993.jpg</path>
	<source>
		<database>Unspecified</database>
	</source>
	<size>
		<width>482</width>
		<height>321</height>
		<depth>3</depth>
	</size>
	<object>
		<name>face</name>
		<pose>Unspecified</pose>
		<truncated>Unspecified</truncated>
		<difficult>Unspecified</difficult>
		<bndbox>
			<xmin>88</xmin>
			<ymin>31</ymin>
			<xmax>189</xmax>
			<ymax>155</ymax>
		</bndbox>
	</object>
</annotation>