<annotation>
	<folder>my-project-name</folder>
	<filename>29_0_3_20170105162407635.jpg</filename>
	<path>/my-project-name/29_0_3_20170105162407635.jpg</path>
	<source>
		<database>Unspecified</database>
	</source>
	<size>
		<width>452</width>
		<height>451</height>
		<depth>3</depth>
	</size>
	<object>
		<name>face</name>
		<pose>Unspecified</pose>
		<truncated>Unspecified</truncated>
		<difficult>Unspecified</difficult>
		<bndbox>
			<xmin>229</xmin>
			<ymin>65</ymin>
			<xmax>308</xmax>
			<ymax>161</ymax>
		</bndbox>
	</object>
</annotation>