<annotation>
	<folder>my-project-name</folder>
	<filename>29_0_0_20170104235501676.jpg</filename>
	<path>/my-project-name/29_0_0_20170104235501676.jpg</path>
	<source>
		<database>Unspecified</database>
	</source>
	<size>
		<width>416</width>
		<height>311</height>
		<depth>3</depth>
	</size>
	<object>
		<name>face</name>
		<pose>Unspecified</pose>
		<truncated>Unspecified</truncated>
		<difficult>Unspecified</difficult>
		<bndbox>
			<xmin>98</xmin>
			<ymin>67</ymin>
			<xmax>313</xmax>
			<ymax>287</ymax>
		</bndbox>
	</object>
</annotation>