<annotation>
	<folder>my-project-name</folder>
	<filename>29_0_4_20170103235201420.jpg</filename>
	<path>/my-project-name/29_0_4_20170103235201420.jpg</path>
	<source>
		<database>Unspecified</database>
	</source>
	<size>
		<width>368</width>
		<height>551</height>
		<depth>3</depth>
	</size>
	<object>
		<name>face</name>
		<pose>Unspecified</pose>
		<truncated>Unspecified</truncated>
		<difficult>Unspecified</difficult>
		<bndbox>
			<xmin>61</xmin>
			<ymin>152</ymin>
			<xmax>313</xmax>
			<ymax>411</ymax>
		</bndbox>
	</object>
</annotation>