<annotation>
	<folder>my-project-name</folder>
	<filename>29_0_0_20170109002204936.jpg</filename>
	<path>/my-project-name/29_0_0_20170109002204936.jpg</path>
	<source>
		<database>Unspecified</database>
	</source>
	<size>
		<width>239</width>
		<height>324</height>
		<depth>3</depth>
	</size>
	<object>
		<name>face</name>
		<pose>Unspecified</pose>
		<truncated>Unspecified</truncated>
		<difficult>Unspecified</difficult>
		<bndbox>
			<xmin>105</xmin>
			<ymin>109</ymin>
			<xmax>170</xmax>
			<ymax>207</ymax>
		</bndbox>
	</object>
</annotation>