<annotation>
	<folder>my-project-name</folder>
	<filename>29_0_0_20170104201134466.jpg</filename>
	<path>/my-project-name/29_0_0_20170104201134466.jpg</path>
	<source>
		<database>Unspecified</database>
	</source>
	<size>
		<width>426</width>
		<height>477</height>
		<depth>3</depth>
	</size>
	<object>
		<name>face</name>
		<pose>Unspecified</pose>
		<truncated>Unspecified</truncated>
		<difficult>Unspecified</difficult>
		<bndbox>
			<xmin>156</xmin>
			<ymin>74</ymin>
			<xmax>312</xmax>
			<ymax>248</ymax>
		</bndbox>
	</object>
</annotation>