<annotation>
	<folder>my-project-name</folder>
	<filename>29_0_0_20170108230158864.jpg</filename>
	<path>/my-project-name/29_0_0_20170108230158864.jpg</path>
	<source>
		<database>Unspecified</database>
	</source>
	<size>
		<width>178</width>
		<height>233</height>
		<depth>3</depth>
	</size>
	<object>
		<name>face</name>
		<pose>Unspecified</pose>
		<truncated>Unspecified</truncated>
		<difficult>Unspecified</difficult>
		<bndbox>
			<xmin>40</xmin>
			<ymin>45</ymin>
			<xmax>151</xmax>
			<ymax>213</ymax>
		</bndbox>
	</object>
</annotation>