<annotation>
	<folder>my-project-name</folder>
	<filename>29_1_0_20170103181430872.jpg</filename>
	<path>/my-project-name/29_1_0_20170103181430872.jpg</path>
	<source>
		<database>Unspecified</database>
	</source>
	<size>
		<width>368</width>
		<height>551</height>
		<depth>3</depth>
	</size>
	<object>
		<name>face</name>
		<pose>Unspecified</pose>
		<truncated>Unspecified</truncated>
		<difficult>Unspecified</difficult>
		<bndbox>
			<xmin>37</xmin>
			<ymin>14</ymin>
			<xmax>264</xmax>
			<ymax>314</ymax>
		</bndbox>
	</object>
</annotation>