<annotation>
	<folder>my-project-name</folder>
	<filename>29_1_3_20170103214234261.jpg</filename>
	<path>/my-project-name/29_1_3_20170103214234261.jpg</path>
	<source>
		<database>Unspecified</database>
	</source>
	<size>
		<width>248</width>
		<height>367</height>
		<depth>3</depth>
	</size>
	<object>
		<name>face</name>
		<pose>Unspecified</pose>
		<truncated>Unspecified</truncated>
		<difficult>Unspecified</difficult>
		<bndbox>
			<xmin>75</xmin>
			<ymin>65</ymin>
			<xmax>168</xmax>
			<ymax>177</ymax>
		</bndbox>
	</object>
</annotation>