<annotation>
	<folder>my-project-name</folder>
	<filename>29_1_0_20170103163418225.jpg</filename>
	<path>/my-project-name/29_1_0_20170103163418225.jpg</path>
	<source>
		<database>Unspecified</database>
	</source>
	<size>
		<width>352</width>
		<height>409</height>
		<depth>3</depth>
	</size>
	<object>
		<name>face</name>
		<pose>Unspecified</pose>
		<truncated>Unspecified</truncated>
		<difficult>Unspecified</difficult>
		<bndbox>
			<xmin>78</xmin>
			<ymin>97</ymin>
			<xmax>269</xmax>
			<ymax>295</ymax>
		</bndbox>
	</object>
</annotation>