<annotation>
	<folder>my-project-name</folder>
	<filename>29_1_0_20170103181425489.jpg</filename>
	<path>/my-project-name/29_1_0_20170103181425489.jpg</path>
	<source>
		<database>Unspecified</database>
	</source>
	<size>
		<width>404</width>
		<height>503</height>
		<depth>3</depth>
	</size>
	<object>
		<name>face</name>
		<pose>Unspecified</pose>
		<truncated>Unspecified</truncated>
		<difficult>Unspecified</difficult>
		<bndbox>
			<xmin>108</xmin>
			<ymin>109</ymin>
			<xmax>262</xmax>
			<ymax>323</ymax>
		</bndbox>
	</object>
</annotation>