<annotation>
	<folder>my-project-name</folder>
	<filename>29_1_0_20170103163726008.jpg</filename>
	<path>/my-project-name/29_1_0_20170103163726008.jpg</path>
	<source>
		<database>Unspecified</database>
	</source>
	<size>
		<width>362</width>
		<height>481</height>
		<depth>3</depth>
	</size>
	<object>
		<name>face</name>
		<pose>Unspecified</pose>
		<truncated>Unspecified</truncated>
		<difficult>Unspecified</difficult>
		<bndbox>
			<xmin>105</xmin>
			<ymin>91</ymin>
			<xmax>242</xmax>
			<ymax>238</ymax>
		</bndbox>
	</object>
</annotation>