<annotation>
	<folder>my-project-name</folder>
	<filename>29_1_0_20170103163136424.jpg</filename>
	<path>/my-project-name/29_1_0_20170103163136424.jpg</path>
	<source>
		<database>Unspecified</database>
	</source>
	<size>
		<width>382</width>
		<height>531</height>
		<depth>3</depth>
	</size>
	<object>
		<name>face</name>
		<pose>Unspecified</pose>
		<truncated>Unspecified</truncated>
		<difficult>Unspecified</difficult>
		<bndbox>
			<xmin>68</xmin>
			<ymin>152</ymin>
			<xmax>315</xmax>
			<ymax>409</ymax>
		</bndbox>
	</object>
</annotation>