<annotation>
	<folder>my-project-name</folder>
	<filename>29_1_3_20170104222730103.jpg</filename>
	<path>/my-project-name/29_1_3_20170104222730103.jpg</path>
	<source>
		<database>Unspecified</database>
	</source>
	<size>
		<width>386</width>
		<height>525</height>
		<depth>3</depth>
	</size>
	<object>
		<name>face</name>
		<pose>Unspecified</pose>
		<truncated>Unspecified</truncated>
		<difficult>Unspecified</difficult>
		<bndbox>
			<xmin>87</xmin>
			<ymin>141</ymin>
			<xmax>161</xmax>
			<ymax>228</ymax>
		</bndbox>
	</object>
</annotation>