<annotation>
	<folder>my-project-name</folder>
	<filename>29_1_3_20170104214540068.jpg</filename>
	<path>/my-project-name/29_1_3_20170104214540068.jpg</path>
	<source>
		<database>Unspecified</database>
	</source>
	<size>
		<width>410</width>
		<height>369</height>
		<depth>3</depth>
	</size>
	<object>
		<name>face</name>
		<pose>Unspecified</pose>
		<truncated>Unspecified</truncated>
		<difficult>Unspecified</difficult>
		<bndbox>
			<xmin>53</xmin>
			<ymin>93</ymin>
			<xmax>312</xmax>
			<ymax>320</ymax>
		</bndbox>
	</object>
</annotation>