<annotation>
	<folder>my-project-name</folder>
	<filename>29_1_0_20170103181510040.jpg</filename>
	<path>/my-project-name/29_1_0_20170103181510040.jpg</path>
	<source>
		<database>Unspecified</database>
	</source>
	<size>
		<width>322</width>
		<height>469</height>
		<depth>3</depth>
	</size>
	<object>
		<name>face</name>
		<pose>Unspecified</pose>
		<truncated>Unspecified</truncated>
		<difficult>Unspecified</difficult>
		<bndbox>
			<xmin>121</xmin>
			<ymin>43</ymin>
			<xmax>236</xmax>
			<ymax>214</ymax>
		</bndbox>
	</object>
</annotation>