<annotation>
	<folder>my-project-name</folder>
	<filename>29_1_3_20170104223010439.jpg</filename>
	<path>/my-project-name/29_1_3_20170104223010439.jpg</path>
	<source>
		<database>Unspecified</database>
	</source>
	<size>
		<width>368</width>
		<height>551</height>
		<depth>3</depth>
	</size>
	<object>
		<name>face</name>
		<pose>Unspecified</pose>
		<truncated>Unspecified</truncated>
		<difficult>Unspecified</difficult>
		<bndbox>
			<xmin>134</xmin>
			<ymin>87</ymin>
			<xmax>239</xmax>
			<ymax>201</ymax>
		</bndbox>
	</object>
</annotation>