<annotation>
	<folder>my-project-name</folder>
	<filename>29_1_0_20170103181157688.jpg</filename>
	<path>/my-project-name/29_1_0_20170103181157688.jpg</path>
	<source>
		<database>Unspecified</database>
	</source>
	<size>
		<width>602</width>
		<height>337</height>
		<depth>3</depth>
	</size>
	<object>
		<name>face</name>
		<pose>Unspecified</pose>
		<truncated>Unspecified</truncated>
		<difficult>Unspecified</difficult>
		<bndbox>
			<xmin>247</xmin>
			<ymin>67</ymin>
			<xmax>364</xmax>
			<ymax>151</ymax>
		</bndbox>
	</object>
</annotation>