<annotation>
	<folder>my-project-name</folder>
	<filename>29_1_0_20170103180915991.jpg</filename>
	<path>/my-project-name/29_1_0_20170103180915991.jpg</path>
	<source>
		<database>Unspecified</database>
	</source>
	<size>
		<width>514</width>
		<height>385</height>
		<depth>3</depth>
	</size>
	<object>
		<name>face</name>
		<pose>Unspecified</pose>
		<truncated>Unspecified</truncated>
		<difficult>Unspecified</difficult>
		<bndbox>
			<xmin>130</xmin>
			<ymin>61</ymin>
			<xmax>367</xmax>
			<ymax>320</ymax>
		</bndbox>
	</object>
</annotation>