<annotation>
	<folder>my-project-name</folder>
	<filename>2_0_0_20170110225322822.jpg</filename>
	<path>/my-project-name/2_0_0_20170110225322822.jpg</path>
	<source>
		<database>Unspecified</database>
	</source>
	<size>
		<width>1024</width>
		<height>680</height>
		<depth>3</depth>
	</size>
	<object>
		<name>face</name>
		<pose>Unspecified</pose>
		<truncated>Unspecified</truncated>
		<difficult>Unspecified</difficult>
		<bndbox>
			<xmin>372</xmin>
			<ymin>180</ymin>
			<xmax>678</xmax>
			<ymax>527</ymax>
		</bndbox>
	</object>
</annotation>