<annotation>
	<folder>my-project-name</folder>
	<filename>2_0_2_20161219151847379.jpg</filename>
	<path>/my-project-name/2_0_2_20161219151847379.jpg</path>
	<source>
		<database>Unspecified</database>
	</source>
	<size>
		<width>224</width>
		<height>171</height>
		<depth>3</depth>
	</size>
	<object>
		<name>face</name>
		<pose>Unspecified</pose>
		<truncated>Unspecified</truncated>
		<difficult>Unspecified</difficult>
		<bndbox>
			<xmin>36</xmin>
			<ymin>30</ymin>
			<xmax>136</xmax>
			<ymax>130</ymax>
		</bndbox>
	</object>
</annotation>