<annotation>
	<folder>my-project-name</folder>
	<filename>2_0_2_20161219152914700.jpg</filename>
	<path>/my-project-name/2_0_2_20161219152914700.jpg</path>
	<source>
		<database>Unspecified</database>
	</source>
	<size>
		<width>169</width>
		<height>166</height>
		<depth>3</depth>
	</size>
	<object>
		<name>face</name>
		<pose>Unspecified</pose>
		<truncated>Unspecified</truncated>
		<difficult>Unspecified</difficult>
		<bndbox>
			<xmin>21</xmin>
			<ymin>29</ymin>
			<xmax>132</xmax>
			<ymax>140</ymax>
		</bndbox>
	</object>
</annotation>