<annotation>
	<folder>my-project-name</folder>
	<filename>2_0_2_20161219154003764.jpg</filename>
	<path>/my-project-name/2_0_2_20161219154003764.jpg</path>
	<source>
		<database>Unspecified</database>
	</source>
	<size>
		<width>100</width>
		<height>100</height>
		<depth>3</depth>
	</size>
	<object>
		<name>face</name>
		<pose>Unspecified</pose>
		<truncated>Unspecified</truncated>
		<difficult>Unspecified</difficult>
		<bndbox>
			<xmin>22</xmin>
			<ymin>25</ymin>
			<xmax>73</xmax>
			<ymax>76</ymax>
		</bndbox>
	</object>
</annotation>