<annotation>
	<folder>my-project-name</folder>
	<filename>2_0_2_20161219141650121.jpg</filename>
	<path>/my-project-name/2_0_2_20161219141650121.jpg</path>
	<source>
		<database>Unspecified</database>
	</source>
	<size>
		<width>184</width>
		<height>274</height>
		<depth>3</depth>
	</size>
	<object>
		<name>face</name>
		<pose>Unspecified</pose>
		<truncated>Unspecified</truncated>
		<difficult>Unspecified</difficult>
		<bndbox>
			<xmin>41</xmin>
			<ymin>36</ymin>
			<xmax>145</xmax>
			<ymax>161</ymax>
		</bndbox>
	</object>
</annotation>