<annotation>
	<folder>my-project-name</folder>
	<filename>2_0_2_20161219141643337.jpg</filename>
	<path>/my-project-name/2_0_2_20161219141643337.jpg</path>
	<source>
		<database>Unspecified</database>
	</source>
	<size>
		<width>275</width>
		<height>183</height>
		<depth>3</depth>
	</size>
	<object>
		<name>face</name>
		<pose>Unspecified</pose>
		<truncated>Unspecified</truncated>
		<difficult>Unspecified</difficult>
		<bndbox>
			<xmin>182</xmin>
			<ymin>43</ymin>
			<xmax>233</xmax>
			<ymax>102</ymax>
		</bndbox>
	</object>
</annotation>