<annotation>
	<folder>my-project-name</folder>
	<filename>2_0_2_20161219151144107.jpg</filename>
	<path>/my-project-name/2_0_2_20161219151144107.jpg</path>
	<source>
		<database>Unspecified</database>
	</source>
	<size>
		<width>163</width>
		<height>158</height>
		<depth>3</depth>
	</size>
	<object>
		<name>face</name>
		<pose>Unspecified</pose>
		<truncated>Unspecified</truncated>
		<difficult>Unspecified</difficult>
		<bndbox>
			<xmin>89</xmin>
			<ymin>22</ymin>
			<xmax>128</xmax>
			<ymax>64</ymax>
		</bndbox>
	</object>
</annotation>