<annotation>
	<folder>my-project-name</folder>
	<filename>2_0_2_20161219142704833.jpg</filename>
	<path>/my-project-name/2_0_2_20161219142704833.jpg</path>
	<source>
		<database>Unspecified</database>
	</source>
	<size>
		<width>262</width>
		<height>192</height>
		<depth>3</depth>
	</size>
	<object>
		<name>face</name>
		<pose>Unspecified</pose>
		<truncated>Unspecified</truncated>
		<difficult>Unspecified</difficult>
		<bndbox>
			<xmin>49</xmin>
			<ymin>55</ymin>
			<xmax>165</xmax>
			<ymax>157</ymax>
		</bndbox>
	</object>
</annotation>