<annotation>
	<folder>my-project-name</folder>
	<filename>2_0_2_20161219151902683.jpg</filename>
	<path>/my-project-name/2_0_2_20161219151902683.jpg</path>
	<source>
		<database>Unspecified</database>
	</source>
	<size>
		<width>257</width>
		<height>171</height>
		<depth>3</depth>
	</size>
	<object>
		<name>face</name>
		<pose>Unspecified</pose>
		<truncated>Unspecified</truncated>
		<difficult>Unspecified</difficult>
		<bndbox>
			<xmin>107</xmin>
			<ymin>32</ymin>
			<xmax>190</xmax>
			<ymax>120</ymax>
		</bndbox>
	</object>
</annotation>