<annotation>
	<folder>my-project-name</folder>
	<filename>2_0_2_20161219142326480.jpg</filename>
	<path>/my-project-name/2_0_2_20161219142326480.jpg</path>
	<source>
		<database>Unspecified</database>
	</source>
	<size>
		<width>259</width>
		<height>194</height>
		<depth>3</depth>
	</size>
	<object>
		<name>face</name>
		<pose>Unspecified</pose>
		<truncated>Unspecified</truncated>
		<difficult>Unspecified</difficult>
		<bndbox>
			<xmin>65</xmin>
			<ymin>37</ymin>
			<xmax>177</xmax>
			<ymax>135</ymax>
		</bndbox>
	</object>
</annotation>