<annotation>
	<folder>my-project-name</folder>
	<filename>2_0_2_20161219152009555.jpg</filename>
	<path>/my-project-name/2_0_2_20161219152009555.jpg</path>
	<source>
		<database>Unspecified</database>
	</source>
	<size>
		<width>120</width>
		<height>184</height>
		<depth>3</depth>
	</size>
	<object>
		<name>face</name>
		<pose>Unspecified</pose>
		<truncated>Unspecified</truncated>
		<difficult>Unspecified</difficult>
		<bndbox>
			<xmin>26</xmin>
			<ymin>35</ymin>
			<xmax>82</xmax>
			<ymax>100</ymax>
		</bndbox>
	</object>
</annotation>