<annotation>
	<folder>my-project-name</folder>
	<filename>2_1_4_20161221195057952.jpg</filename>
	<path>/my-project-name/2_1_4_20161221195057952.jpg</path>
	<source>
		<database>Unspecified</database>
	</source>
	<size>
		<width>258</width>
		<height>175</height>
		<depth>3</depth>
	</size>
	<object>
		<name>face</name>
		<pose>Unspecified</pose>
		<truncated>Unspecified</truncated>
		<difficult>Unspecified</difficult>
		<bndbox>
			<xmin>91</xmin>
			<ymin>34</ymin>
			<xmax>199</xmax>
			<ymax>138</ymax>
		</bndbox>
	</object>
</annotation>