<annotation>
	<folder>my-project-name</folder>
	<filename>2_1_4_20161221192821980.jpg</filename>
	<path>/my-project-name/2_1_4_20161221192821980.jpg</path>
	<source>
		<database>Unspecified</database>
	</source>
	<size>
		<width>680</width>
		<height>1019</height>
		<depth>3</depth>
	</size>
	<object>
		<name>face</name>
		<pose>Unspecified</pose>
		<truncated>Unspecified</truncated>
		<difficult>Unspecified</difficult>
		<bndbox>
			<xmin>226</xmin>
			<ymin>307</ymin>
			<xmax>380</xmax>
			<ymax>447</ymax>
		</bndbox>
	</object>
</annotation>