<annotation>
	<folder>my-project-name</folder>
	<filename>2_1_4_20161221201540105.jpg</filename>
	<path>/my-project-name/2_1_4_20161221201540105.jpg</path>
	<source>
		<database>Unspecified</database>
	</source>
	<size>
		<width>406</width>
		<height>499</height>
		<depth>3</depth>
	</size>
	<object>
		<name>face</name>
		<pose>Unspecified</pose>
		<truncated>Unspecified</truncated>
		<difficult>Unspecified</difficult>
		<bndbox>
			<xmin>142</xmin>
			<ymin>103</ymin>
			<xmax>302</xmax>
			<ymax>265</ymax>
		</bndbox>
	</object>
</annotation>