<annotation>
	<folder>my-project-name</folder>
	<filename>2_1_4_20161221193634726.jpg</filename>
	<path>/my-project-name/2_1_4_20161221193634726.jpg</path>
	<source>
		<database>Unspecified</database>
	</source>
	<size>
		<width>978</width>
		<height>707</height>
		<depth>3</depth>
	</size>
	<object>
		<name>face</name>
		<pose>Unspecified</pose>
		<truncated>Unspecified</truncated>
		<difficult>Unspecified</difficult>
		<bndbox>
			<xmin>294</xmin>
			<ymin>192</ymin>
			<xmax>647</xmax>
			<ymax>502</ymax>
		</bndbox>
	</object>
</annotation>