<annotation>
	<folder>my-project-name</folder>
	<filename>2_1_4_20161221193638214.jpg</filename>
	<path>/my-project-name/2_1_4_20161221193638214.jpg</path>
	<source>
		<database>Unspecified</database>
	</source>
	<size>
		<width>1020</width>
		<height>679</height>
		<depth>3</depth>
	</size>
	<object>
		<name>face</name>
		<pose>Unspecified</pose>
		<truncated>Unspecified</truncated>
		<difficult>Unspecified</difficult>
		<bndbox>
			<xmin>469</xmin>
			<ymin>231</ymin>
			<xmax>604</xmax>
			<ymax>396</ymax>
		</bndbox>
	</object>
</annotation>