<annotation>
	<folder>my-project-name</folder>
	<filename>30_0_0_20170107212036868.jpg</filename>
	<path>/my-project-name/30_0_0_20170107212036868.jpg</path>
	<source>
		<database>Unspecified</database>
	</source>
	<size>
		<width>368</width>
		<height>553</height>
		<depth>3</depth>
	</size>
	<object>
		<name>face</name>
		<pose>Unspecified</pose>
		<truncated>Unspecified</truncated>
		<difficult>Unspecified</difficult>
		<bndbox>
			<xmin>114</xmin>
			<ymin>89</ymin>
			<xmax>239</xmax>
			<ymax>287</ymax>
		</bndbox>
	</object>
</annotation>