<annotation>
	<folder>my-project-name</folder>
	<filename>30_0_0_20170104200535163.jpg</filename>
	<path>/my-project-name/30_0_0_20170104200535163.jpg</path>
	<source>
		<database>Unspecified</database>
	</source>
	<size>
		<width>354</width>
		<height>353</height>
		<depth>3</depth>
	</size>
	<object>
		<name>face</name>
		<pose>Unspecified</pose>
		<truncated>Unspecified</truncated>
		<difficult>Unspecified</difficult>
		<bndbox>
			<xmin>78</xmin>
			<ymin>77</ymin>
			<xmax>202</xmax>
			<ymax>230</ymax>
		</bndbox>
	</object>
</annotation>