<annotation>
	<folder>my-project-name</folder>
	<filename>30_0_0_20170104185757997.jpg</filename>
	<path>/my-project-name/30_0_0_20170104185757997.jpg</path>
	<source>
		<database>Unspecified</database>
	</source>
	<size>
		<width>298</width>
		<height>401</height>
		<depth>3</depth>
	</size>
	<object>
		<name>face</name>
		<pose>Unspecified</pose>
		<truncated>Unspecified</truncated>
		<difficult>Unspecified</difficult>
		<bndbox>
			<xmin>81</xmin>
			<ymin>48</ymin>
			<xmax>209</xmax>
			<ymax>181</ymax>
		</bndbox>
	</object>
</annotation>