<annotation>
	<folder>my-project-name</folder>
	<filename>30_0_0_20170111181750341.jpg</filename>
	<path>/my-project-name/30_0_0_20170111181750341.jpg</path>
	<source>
		<database>Unspecified</database>
	</source>
	<size>
		<width>428</width>
		<height>600</height>
		<depth>3</depth>
	</size>
	<object>
		<name>face</name>
		<pose>Unspecified</pose>
		<truncated>Unspecified</truncated>
		<difficult>Unspecified</difficult>
		<bndbox>
			<xmin>109</xmin>
			<ymin>150</ymin>
			<xmax>273</xmax>
			<ymax>373</ymax>
		</bndbox>
	</object>
</annotation>