<annotation>
	<folder>my-project-name</folder>
	<filename>30_0_0_20170109015231305.jpg</filename>
	<path>/my-project-name/30_0_0_20170109015231305.jpg</path>
	<source>
		<database>Unspecified</database>
	</source>
	<size>
		<width>254</width>
		<height>321</height>
		<depth>3</depth>
	</size>
	<object>
		<name>face</name>
		<pose>Unspecified</pose>
		<truncated>Unspecified</truncated>
		<difficult>Unspecified</difficult>
		<bndbox>
			<xmin>74</xmin>
			<ymin>50</ymin>
			<xmax>156</xmax>
			<ymax>132</ymax>
		</bndbox>
	</object>
</annotation>