<annotation>
	<folder>my-project-name</folder>
	<filename>30_0_0_20170104200840697.jpg</filename>
	<path>/my-project-name/30_0_0_20170104200840697.jpg</path>
	<source>
		<database>Unspecified</database>
	</source>
	<size>
		<width>242</width>
		<height>337</height>
		<depth>3</depth>
	</size>
	<object>
		<name>face</name>
		<pose>Unspecified</pose>
		<truncated>Unspecified</truncated>
		<difficult>Unspecified</difficult>
		<bndbox>
			<xmin>38</xmin>
			<ymin>88</ymin>
			<xmax>176</xmax>
			<ymax>253</ymax>
		</bndbox>
	</object>
</annotation>