<annotation>
	<folder>my-project-name</folder>
	<filename>30_0_0_20170104201459001.jpg</filename>
	<path>/my-project-name/30_0_0_20170104201459001.jpg</path>
	<source>
		<database>Unspecified</database>
	</source>
	<size>
		<width>452</width>
		<height>451</height>
		<depth>3</depth>
	</size>
	<object>
		<name>face</name>
		<pose>Unspecified</pose>
		<truncated>Unspecified</truncated>
		<difficult>Unspecified</difficult>
		<bndbox>
			<xmin>115</xmin>
			<ymin>85</ymin>
			<xmax>379</xmax>
			<ymax>441</ymax>
		</bndbox>
	</object>
</annotation>