<annotation>
	<folder>my-project-name</folder>
	<filename>30_0_1_20170104170359625.jpg</filename>
	<path>/my-project-name/30_0_1_20170104170359625.jpg</path>
	<source>
		<database>Unspecified</database>
	</source>
	<size>
		<width>430</width>
		<height>473</height>
		<depth>3</depth>
	</size>
	<object>
		<name>face</name>
		<pose>Unspecified</pose>
		<truncated>Unspecified</truncated>
		<difficult>Unspecified</difficult>
		<bndbox>
			<xmin>168</xmin>
			<ymin>87</ymin>
			<xmax>301</xmax>
			<ymax>247</ymax>
		</bndbox>
	</object>
</annotation>