<annotation>
	<folder>my-project-name</folder>
	<filename>30_0_0_20170104164938536.jpg</filename>
	<path>/my-project-name/30_0_0_20170104164938536.jpg</path>
	<source>
		<database>Unspecified</database>
	</source>
	<size>
		<width>386</width>
		<height>481</height>
		<depth>3</depth>
	</size>
	<object>
		<name>face</name>
		<pose>Unspecified</pose>
		<truncated>Unspecified</truncated>
		<difficult>Unspecified</difficult>
		<bndbox>
			<xmin>129</xmin>
			<ymin>106</ymin>
			<xmax>253</xmax>
			<ymax>248</ymax>
		</bndbox>
	</object>
</annotation>